date,open,high,low,close,adj_close,volume
2009-01-02,54.94,56.6,53.64,56.49,28.25,6726600
2009-01-05,56.47,56.49,54.02,54.36,27.18,9552800
2009-01-06,54.05,54.25,50.18,50.47,25.24,22143400
2009-01-07,50.1,51.87,50.01,51.5,25.75,13058800
2009-01-08,49.87,51.11,48.51,51.11,25.56,13365400
2009-01-09,51.07,51.63,49.1,50.27,25.14,12815200
2009-01-12,50.29,51.39,48.39,49.67,24.83,19985200
2009-01-13,49.21,51.68,49.21,50.36,25.18,11317400
2009-01-14,50.11,50.39,48.37,48.62,24.31,10828800
2009-01-15,48.56,50.2,47.91,49.92,24.96,10573800
2009-01-16,50.7,50.71,49.15,50.25,25.12,11706200
2009-01-20,49.82,50.75,48.33,48.33,24.17,10789200
2009-01-21,48.82,49.9,47.58,49.8,24.9,10048800
2009-01-22,48.6,50.13,48.17,49.19,24.59,9152200
2009-01-23,48.5,50.14,48.07,49.55,24.77,8512800
2009-01-26,49.6,51.18,49.39,50.34,25.17,6776600
2009-01-27,51.0,51.65,50.01,51.25,25.62,7429200
2009-01-28,51.62,52.5,50.76,52.2,26.1,8772200
2009-01-29,51.59,53.37,51.46,52.13,26.07,7707400
2009-01-30,52.9,53.95,51.69,52.95,26.48,11408600
2009-02-02,52.84,53.88,52.46,53.47,26.74,7712200
2009-02-03,53.18,53.59,52.28,53.16,26.58,10194800
2009-02-04,53.18,54.25,52.5,53.51,26.75,9413200
2009-02-05,52.96,55.2,52.5,55.08,27.54,10491800
2009-02-06,55.19,56.05,54.46,55.35,27.67,11674600
2009-02-09,55.06,55.35,53.77,54.29,27.15,7075600
2009-02-10,54.0,54.84,52.18,52.48,26.24,10142000
2009-02-11,52.86,53.35,51.63,52.48,26.24,7239400
2009-02-12,52.12,53.3,51.52,53.3,26.65,8443000
2009-02-13,52.86,53.5,52.05,52.31,26.16,4968200
2009-02-17,51.49,52.67,50.12,51.87,25.93,10437200
2009-02-18,52.38,53.24,51.8,52.94,26.47,9097800
2009-02-19,53.44,54.24,53.09,53.48,26.74,8459000
2009-02-20,53.34,54.5,52.96,53.99,27.0,13463400
2009-02-23,54.26,54.61,52.44,52.75,26.38,10500800
2009-02-24,52.8,54.0,51.37,52.79,26.4,14245200
2009-02-25,52.85,52.85,50.87,51.36,25.68,12104600
2009-02-26,51.27,51.81,48.73,48.74,24.37,13857800
2009-02-27,46.59,47.62,44.33,44.73,22.36,25373000
2009-03-02,43.72,44.39,41.34,42.15,21.08,20874800
2009-03-03,42.72,43.52,42.02,42.32,21.16,16029400
2009-03-04,42.82,43.51,41.8,42.44,21.22,13332600
2009-03-05,41.8,41.82,39.6,39.95,19.98,18434000
2009-03-06,40.04,41.29,39.32,41.16,20.58,16199200
2009-03-09,40.07,42.06,39.67,39.96,19.98,11854800
2009-03-10,40.79,42.84,40.4,42.31,21.16,17210600
2009-03-11,42.31,44.36,41.96,42.23,21.11,14568600
2009-03-12,42.07,47.68,42.02,47.16,23.58,21833200
2009-03-13,47.71,48.56,46.62,48.2,24.1,13861800
2009-03-16,48.26,48.62,46.41,46.41,23.2,9825800
2009-03-17,46.53,48.55,46.33,48.42,24.21,8449800
2009-03-18,47.78,48.4,46.65,47.17,23.58,12105000
2009-03-19,47.52,47.52,45.38,45.7,22.85,10111800
2009-03-20,46.0,46.89,45.25,45.52,22.76,12287600
2009-03-23,46.24,48.18,45.31,48.04,24.02,11803200
2009-03-24,47.19,47.81,46.19,46.24,23.12,8073800
2009-03-25,47.12,47.46,44.29,45.93,22.97,12636200
2009-03-26,46.15,46.72,44.92,46.45,23.23,14273000
2009-03-27,45.63,46.86,45.25,46.04,23.02,9747600
2009-03-30,45.57,45.83,44.45,45.35,22.67,8931600
2009-03-31,45.74,45.81,44.14,44.4,22.2,10576200
2009-04-01,38.72,39.25,36.9,38.47,19.24,79964600
2009-04-02,39.09,40.99,39.08,40.77,20.39,28862800
2009-04-03,41.12,42.25,40.9,42.15,21.08,21720800
2009-04-06,41.29,42.43,41.29,42.31,21.16,14684600
2009-04-07,42.0,42.09,40.36,40.48,20.24,15999400
2009-04-08,40.92,41.05,40.05,40.68,20.34,11082400
2009-04-09,41.25,41.48,40.5,40.8,20.4,10096600
2009-04-13,40.45,41.77,40.35,40.96,20.48,9820400
2009-04-14,40.46,40.69,38.91,39.01,19.5,14733600
2009-04-15,38.79,39.09,38.22,38.7,19.35,13033400
2009-04-16,39.29,39.5,38.1,38.33,19.17,11232200
2009-04-17,38.41,38.9,37.62,38.3,19.15,13345200
2009-04-20,38.01,38.68,37.75,38.01,19.0,9466600
2009-04-21,38.12,38.41,37.62,38.14,19.07,9387000
2009-04-22,39.29,40.55,39.12,39.85,19.92,14019000
2009-04-23,39.87,40.25,38.93,39.45,19.73,12383600
2009-04-24,39.4,40.0,39.05,39.86,19.93,11549600
2009-04-27,39.0,41.25,39.0,40.81,20.41,10388800
2009-04-28,40.91,42.2,40.48,41.74,20.87,9388000
2009-04-29,42.2,42.98,41.37,42.4,21.2,10598600
2009-04-30,43.08,43.76,41.5,42.72,21.36,17033200
2009-05-01,41.85,41.94,39.25,39.54,19.77,15636000
2009-05-04,39.99,40.1,38.5,39.14,19.57,16075400
2009-05-05,38.92,39.93,38.88,39.44,19.72,7558000
2009-05-06,39.63,39.75,38.5,39.11,19.56,9667800
2009-05-07,39.47,42.07,39.35,41.8,20.9,18508400
2009-05-08,40.17,42.54,40.1,41.42,20.71,18164200
2009-05-11,40.4,42.76,40.4,41.61,20.81,9690200
2009-05-12,41.59,42.06,40.66,41.71,20.85,8747000
2009-05-13,40.81,41.69,40.08,40.58,20.29,8844200
2009-05-14,40.0,41.5,40.0,40.7,20.35,9024200
2009-05-15,40.1,40.71,39.42,39.79,19.9,12140000
2009-05-18,39.93,40.0,39.03,39.98,19.99,9590600
2009-05-19,39.65,39.84,39.07,39.46,19.73,10199600
2009-05-20,40.38,40.75,39.82,40.32,20.16,8233800
2009-05-21,39.8,40.3,39.34,39.66,19.83,7014000
2009-05-22,39.86,40.16,39.36,39.43,19.72,6031400
2009-05-26,38.9,40.6,38.55,40.45,20.23,7562200
2009-05-27,40.5,41.44,40.02,40.91,20.45,9511200
2009-05-28,40.82,42.17,40.82,41.77,20.89,11001400
2009-05-29,41.5,42.24,41.0,42.24,21.12,7314600
2009-06-01,42.41,43.0,42.12,42.6,21.3,7267200
2009-06-02,42.61,44.58,42.51,44.28,22.14,12388400
2009-06-03,44.11,45.65,44.0,45.28,22.64,9662400
2009-06-04,45.74,46.08,44.5,45.11,22.56,9232800
2009-06-05,45.24,45.24,43.53,44.35,22.17,9790400
2009-06-08,44.54,45.29,43.74,44.01,22.0,8455200
2009-06-09,44.38,44.68,43.67,44.25,22.12,6341400
2009-06-10,44.36,44.55,42.69,43.23,21.61,10123200
2009-06-11,43.31,43.7,42.48,43.32,21.66,9877400
2009-06-12,43.64,43.64,42.68,43.23,21.61,7217800
2009-06-15,42.62,43.0,42.0,42.23,21.11,6176800
2009-06-16,42.59,43.31,42.13,43.12,21.56,10226600
2009-06-17,42.98,45.75,42.98,44.94,22.47,14537600
2009-06-18,45.2,46.39,44.87,46.21,23.1,10645600
2009-06-19,46.45,47.93,46.42,46.94,23.47,13575000
2009-06-22,46.5,46.86,46.02,46.46,23.23,9196000
2009-06-23,46.43,47.78,46.4,46.84,23.42,8955800
2009-06-24,46.72,47.29,46.53,47.03,23.51,7784400
2009-06-25,46.89,47.98,46.51,47.97,23.99,7329800
2009-06-26,47.95,48.08,47.27,48.03,24.01,6526200
2009-06-29,47.92,48.54,46.77,48.33,24.17,7547600
2009-06-30,48.11,48.77,47.43,47.84,23.92,7762200
2009-07-01,48.25,48.52,47.68,48.1,24.05,6317200
2009-07-02,47.4,47.59,46.5,46.73,23.36,7507000
2009-07-06,46.6,47.66,46.33,47.32,23.66,6384400
2009-07-07,47.13,47.56,45.75,46.24,23.12,7627200
2009-07-08,46.24,47.2,45.84,46.22,23.11,12661400
2009-07-09,46.19,46.73,45.71,46.49,23.25,6116600
2009-07-10,46.13,46.59,45.62,46.1,23.05,5351600
2009-07-13,46.04,47.25,45.27,47.15,23.58,9266400
2009-07-14,46.96,47.41,45.86,46.02,23.01,8186400
2009-07-15,46.4,46.51,45.31,46.32,23.16,8688400
2009-07-16,46.29,47.15,46.09,47.04,23.52,5735000
2009-07-17,47.06,47.37,46.64,46.83,23.42,6428200
2009-07-20,46.84,47.24,46.15,47.11,23.56,6158600
2009-07-21,47.35,47.64,46.54,47.39,23.69,6918400
2009-07-22,47.59,48.4,47.14,47.18,23.59,9953000
2009-07-23,53.58,56.11,53.5,55.97,27.99,31848200
2009-07-24,55.79,55.94,53.95,54.64,27.32,12768400
2009-07-27,54.68,55.29,53.89,54.99,27.5,7864400
2009-07-28,54.55,57.17,54.41,57.05,28.52,10909000
2009-07-29,56.9,57.53,56.15,57.32,28.66,8499600
2009-07-30,57.91,58.31,57.16,57.68,28.84,7777200
2009-07-31,57.95,58.0,56.81,56.96,28.48,7218600
2009-08-03,57.3,57.39,56.22,57.28,28.64,6837800
2009-08-04,56.92,58.02,56.84,57.79,28.9,5060800
2009-08-05,57.92,58.16,56.17,56.5,28.25,5021600
2009-08-06,55.5,55.55,54.22,54.8,27.4,11044200
2009-08-07,55.4,55.5,54.17,54.92,27.46,5608400
2009-08-10,54.2,54.3,52.81,53.15,26.58,10512600
2009-08-11,53.06,53.69,52.59,53.35,26.67,6866200
2009-08-12,52.87,54.89,52.87,53.91,26.95,6448800
2009-08-13,53.91,54.13,52.45,52.74,26.37,7482600
2009-08-14,52.92,52.94,51.31,52.74,26.37,7125600
2009-08-17,52.1,52.24,51.45,52.09,26.05,5974400
2009-08-18,52.0,52.49,51.62,51.99,26.0,4862600
2009-08-19,52.06,53.19,51.6,53.06,26.53,5019000
2009-08-20,53.25,53.26,52.35,52.63,26.32,6795200
2009-08-21,53.04,53.84,52.47,53.15,26.58,6165600
2009-08-24,53.15,53.38,52.49,53.0,26.5,5368000
2009-08-25,53.33,54.07,52.91,53.39,26.69,6810000
2009-08-26,53.31,54.77,53.21,54.07,27.03,5433200
2009-08-27,53.75,53.98,52.45,53.53,26.76,6339800
2009-08-28,53.72,53.98,52.02,52.72,26.36,4373000
2009-08-31,52.3,52.81,51.69,52.17,26.08,4321600
2009-09-01,51.84,53.39,50.88,50.97,25.49,7520600
2009-09-02,50.74,51.71,50.6,51.05,25.52,5209600
2009-09-03,50.74,51.12,50.12,50.99,25.5,5829800
2009-09-04,51.15,51.89,50.94,51.74,25.87,4214400
2009-09-08,51.74,51.89,50.93,51.65,25.83,4744000
2009-09-09,51.2,52.06,51.16,51.84,25.92,5609000
2009-09-10,51.51,51.83,51.18,51.5,25.75,7259800
2009-09-11,51.58,52.07,51.18,52.02,26.01,6906600
2009-09-14,51.74,52.6,51.71,52.06,26.03,6032800
2009-09-15,51.81,53.18,51.55,52.32,26.16,5832200
2009-09-16,52.5,53.98,52.16,53.68,26.84,8485200
2009-09-17,53.65,53.65,52.48,53.03,26.51,7249400
2009-09-18,53.08,53.31,52.48,52.54,26.27,8236200
2009-09-21,53.53,55.95,53.28,55.19,27.59,12185600
2009-09-22,55.4,55.54,54.11,54.47,27.24,5684200
2009-09-23,54.66,54.83,53.56,53.58,26.79,5939400
2009-09-24,54.08,54.31,53.4,53.87,26.93,4025000
2009-09-25,53.46,54.99,53.36,54.54,27.27,6315000
2009-09-28,55.03,56.19,54.86,55.68,27.84,4915600
2009-09-29,55.64,55.65,54.65,55.11,27.56,4852400
2009-09-30,55.07,56.12,54.55,55.9,27.95,8495200
2009-10-01,55.54,56.66,54.71,54.99,27.5,8917000
2009-10-02,54.43,55.0,53.95,54.0,27.0,5026000
2009-10-05,53.59,54.02,53.11,53.42,26.71,6392000
2009-10-06,53.42,54.79,53.24,54.04,27.02,6532600
2009-10-07,53.85,54.09,53.21,53.69,26.84,4325200
2009-10-08,54.36,55.16,54.25,54.54,27.27,7563600
2009-10-09,54.57,55.23,54.17,54.78,27.39,3430000
2009-10-12,54.97,55.44,54.5,55.12,27.56,4145200
2009-10-13,54.94,55.57,54.26,54.55,27.27,5817000
2009-10-14,54.79,55.49,54.62,55.34,27.67,4521000
2009-10-15,55.11,56.5,54.8,56.47,28.24,6510400
2009-10-16,56.35,56.97,55.75,56.42,28.21,6889000
2009-10-19,56.57,56.91,55.93,56.56,28.28,5526800
2009-10-20,56.36,56.63,55.5,55.71,27.85,5853200
2009-10-21,55.64,55.64,54.28,54.58,27.29,8698400
2009-10-22,56.46,57.45,55.0,55.91,27.95,16016400
2009-10-23,55.23,56.74,54.02,54.21,27.1,8609000
2009-10-26,54.38,55.04,51.51,52.62,26.31,14007200
2009-10-27,52.68,53.15,51.35,51.79,25.9,10059600
2009-10-28,51.62,51.99,50.33,50.45,25.23,6278800
2009-10-29,50.49,51.63,50.09,51.27,25.64,6659200
2009-10-30,51.09,52.33,50.85,51.05,25.52,9693800
2009-11-02,51.06,51.96,49.74,50.21,25.1,9145200
2009-11-03,49.91,50.83,49.77,50.7,25.35,6552400
2009-11-04,51.19,51.62,50.66,50.89,25.44,7414200
2009-11-05,51.99,52.14,51.06,51.83,25.92,6019200
2009-11-06,51.67,53.26,51.55,53.05,26.52,6442000
2009-11-09,52.77,54.17,52.48,54.14,27.07,10977800
2009-11-10,54.22,54.84,53.23,53.65,26.83,11120200
2009-11-11,54.6,54.89,53.23,53.86,26.93,4626800
2009-11-12,53.96,54.12,53.25,53.73,26.86,3753800
2009-11-13,53.93,54.06,53.08,53.48,26.74,3502000
2009-11-16,53.5,54.14,53.25,54.01,27.0,4396600
2009-11-17,53.65,55.63,53.53,55.25,27.62,8512400
2009-11-18,55.24,55.37,54.67,55.27,27.64,6056000
2009-11-19,55.0,55.19,54.31,54.55,27.27,5774000
2009-11-20,54.67,55.12,54.28,54.91,27.45,6293200
2009-11-23,55.32,55.87,54.98,55.65,27.83,5902600
2009-11-24,55.7,55.8,54.89,55.37,27.68,5899000
2009-11-25,55.28,55.8,55.17,55.75,27.88,4348400
2009-11-27,53.93,55.68,53.72,54.97,27.49,2651600
2009-11-30,54.81,55.55,54.62,55.45,27.73,6690200
2009-12-01,56.02,56.5,55.7,56.3,28.15,7437800
2009-12-02,56.5,57.33,56.25,57.32,28.66,7754200
2009-12-03,57.5,57.79,56.35,56.53,28.26,6460400
2009-12-04,57.17,57.49,55.15,55.97,27.99,8696000
2009-12-07,56.16,57.07,54.55,55.53,27.76,22238800
2009-12-08,53.03,54.64,53.0,54.32,27.16,19925000
2009-12-09,54.0,54.0,52.75,53.73,26.86,8720800
2009-12-10,54.19,54.24,53.05,53.39,26.69,8481400
2009-12-11,53.45,53.58,52.36,52.76,26.38,8217400
2009-12-14,52.89,54.18,52.81,53.88,26.94,7137000
2009-12-15,53.78,53.99,52.5,52.87,26.43,7708200
2009-12-16,52.95,53.25,51.61,51.78,25.89,8741000
2009-12-17,51.62,51.77,50.59,50.62,25.31,7632000
2009-12-18,54.36,56.16,54.02,55.95,27.98,28079800
2009-12-21,56.28,56.6,55.92,56.09,28.05,7494400
2009-12-22,55.98,56.51,55.71,56.29,28.15,6308200
2009-12-23,56.41,57.14,56.38,56.8,28.4,4371400
2009-12-24,56.6,56.95,56.09,56.38,28.19,1575800
2009-12-28,56.6,56.79,56.4,56.74,28.37,2937200
2009-12-29,56.73,56.79,56.1,56.12,28.06,3435600
2009-12-30,56.13,56.72,56.05,56.42,28.21,2337200
2009-12-31,56.55,56.6,55.63,55.68,27.84,2746800
2010-01-04,56.64,56.64,55.33,55.74,27.87,4832000
2010-01-05,55.51,55.73,54.6,55.09,27.55,6705800
2010-01-06,55.4,56.96,55.39,56.39,28.19,8271400
2010-01-07,56.11,56.74,55.75,55.89,27.94,5000600
2010-01-08,56.06,57.43,55.42,57.27,28.64,9228800
2010-01-11,57.59,58.66,54.38,57.27,28.64,18055800
2010-01-12,57.05,57.49,55.61,56.99,28.5,10758200
2010-01-13,57.33,57.98,56.86,57.68,28.84,7816600
2010-01-14,57.47,58.76,57.4,58.13,29.07,6845800
2010-01-15,58.4,58.94,56.87,57.52,28.76,8987200
2010-01-19,57.28,59.25,57.17,58.74,29.37,7992800
2010-01-20,58.68,59.67,57.21,58.02,29.01,6970000
2010-01-21,58.49,58.49,57.14,57.79,28.9,7593200
2010-01-22,58.02,59.08,57.45,58.57,29.28,11485800
2010-01-25,58.66,58.81,58.0,58.31,29.16,8581600
2010-01-26,57.71,58.42,57.57,57.86,28.93,5840400
2010-01-27,57.45,58.19,57.35,58.11,29.06,7245400
2010-01-28,57.52,58.0,56.59,56.8,28.4,9851000
2010-01-29,57.07,57.6,56.31,56.78,28.39,6487200
2010-02-01,56.85,57.4,56.42,56.96,28.48,4763400
2010-02-02,56.85,57.92,56.31,57.75,28.88,5553200
2010-02-03,57.35,58.57,57.15,58.31,29.16,6890400
2010-02-04,57.5,57.77,55.55,55.83,27.92,8635800
2010-02-05,55.94,56.14,54.03,55.16,27.58,9423200
2010-02-08,55.18,55.31,54.1,54.77,27.39,4671200
2010-02-09,55.34,56.33,55.01,55.5,27.75,5853600
2010-02-10,55.69,57.21,55.48,56.62,28.31,8121400
2010-02-11,56.3,57.5,55.68,57.17,28.58,6317200
2010-02-12,56.33,57.0,55.9,56.89,28.44,5884000
2010-02-16,57.22,57.93,56.22,57.93,28.97,5596400
2010-02-17,58.1,59.38,57.71,59.08,29.54,5753800
2010-02-18,58.99,60.5,58.98,59.89,29.94,11324000
2010-02-19,59.94,60.43,59.2,60.04,30.02,7582800
2010-02-22,60.37,60.37,59.34,59.68,29.84,5032400
2010-02-23,59.41,60.49,58.78,59.14,29.57,5722400
2010-02-24,59.71,60.19,59.09,59.49,29.75,4481200
2010-02-25,58.79,59.3,58.15,59.29,29.65,4729800
2010-02-26,59.26,59.66,58.68,59.52,29.76,3161200
2010-03-01,60.1,61.5,59.71,61.3,30.65,6063200
2010-03-02,61.32,61.85,61.12,61.49,30.75,4201200
2010-03-03,61.77,62.09,61.09,61.22,30.61,4640200
2010-03-04,61.09,61.6,60.67,60.99,30.5,3969000
2010-03-05,61.06,61.96,61.02,61.91,30.95,3243400
2010-03-08,61.87,61.94,61.34,61.59,30.8,3159400
2010-03-09,61.5,62.15,61.32,61.76,30.88,3173600
2010-03-10,61.91,62.16,61.44,61.91,30.95,3857600
2010-03-11,61.55,61.92,60.74,61.3,30.65,6000200
2010-03-12,61.79,61.91,60.96,61.37,30.68,4281000
2010-03-15,61.33,62.19,61.31,61.95,30.98,4614800
2010-03-16,62.3,63.1,61.91,62.82,31.41,5136200
2010-03-17,62.76,64.93,62.59,64.71,32.35,9996000
2010-03-18,64.77,65.07,64.35,65.02,32.51,6322400
2010-03-19,65.79,65.79,63.56,64.32,32.16,10778400
2010-03-22,64.45,65.46,63.67,64.4,32.2,7387600
2010-03-23,64.56,64.61,63.74,64.41,32.21,5387400
2010-03-24,64.3,64.64,63.19,63.35,31.67,6036600
2010-03-25,63.67,63.75,62.7,62.7,31.35,6162000
2010-03-26,62.99,63.04,61.45,62.14,31.07,6997200
2010-03-29,62.31,62.79,62.0,62.48,31.24,5254600
2010-03-30,62.85,63.11,61.98,62.49,31.25,6852800
2010-03-31,62.2,62.37,61.74,61.96,30.98,5165600
2010-04-01,62.12,62.4,61.67,62.08,31.04,4481000
2010-04-05,62.09,62.67,61.75,62.03,31.01,4866200
2010-04-06,62.72,63.76,62.72,63.4,31.7,7099000
2010-04-07,63.57,64.0,63.04,63.24,31.62,8096000
2010-04-08,63.53,63.72,62.05,63.12,31.56,8635600
2010-04-09,62.07,62.5,61.22,61.89,30.94,9550000
2010-04-12,61.8,61.89,60.11,60.39,30.19,10062200
2010-04-13,60.59,61.78,60.45,61.48,30.74,5887400
2010-04-14,61.3,61.42,59.81,60.29,30.15,8880800
2010-04-15,60.28,60.91,60.12,60.62,30.31,5428200
2010-04-16,60.31,61.03,60.18,60.88,30.44,8216600
2010-04-19,60.83,61.1,60.16,60.67,30.33,4265000
2010-04-20,61.02,61.21,60.6,61.11,30.56,5052400
2010-04-21,60.9,60.95,58.45,59.07,29.53,14438400
2010-04-22,58.7,58.93,57.0,58.66,29.33,11532800
2010-04-23,58.75,59.82,58.55,59.81,29.91,6584200
2010-04-26,60.4,60.59,58.95,59.01,29.5,6141400
2010-04-27,58.9,60.02,58.21,58.39,29.19,7012600
2010-04-28,58.4,60.04,57.95,59.63,29.82,10037000
2010-04-29,63.43,63.47,60.64,61.62,30.81,14717200
2010-04-30,62.06,62.32,61.3,61.99,31.0,9761400
2010-05-03,61.75,62.32,61.4,61.89,30.94,7339400
2010-05-04,61.11,61.6,59.49,59.81,29.91,8887200
2010-05-05,59.83,60.42,58.69,60.24,30.12,10382600
2010-05-06,59.77,60.12,53.39,58.1,29.05,16228400
2010-05-07,57.91,58.9,56.35,57.49,28.75,9551400
2010-05-10,58.94,59.73,58.24,58.86,29.43,8427400
2010-05-11,58.72,59.48,58.16,59.07,29.53,6092000
2010-05-12,59.7,60.2,59.16,59.89,29.94,8754200
2010-05-13,59.68,59.96,59.02,59.02,29.51,5181400
2010-05-14,58.96,59.63,58.11,59.42,29.71,14247600
2010-05-17,59.45,59.95,58.58,59.76,29.88,13779400
2010-05-18,59.69,59.98,57.85,58.0,29.0,10767800
2010-05-19,57.63,59.07,57.51,58.29,29.15,5237000
2010-05-20,57.4,57.49,55.76,55.81,27.91,8492600
2010-05-21,54.81,57.71,54.36,56.15,28.08,16917000
2010-05-24,55.99,56.12,54.29,55.36,27.68,7194000
2010-05-25,54.41,54.89,52.77,53.4,26.7,17079400
2010-05-26,53.46,53.88,51.63,51.66,25.83,20531800
2010-05-27,52.79,53.59,52.56,53.42,26.71,8547600
2010-05-28,53.36,53.6,51.83,52.76,26.38,10767200
2010-06-01,52.56,53.12,51.75,51.88,25.94,6228800
2010-06-02,51.9,53.65,51.57,53.62,26.81,8732800
2010-06-03,53.39,53.9,52.5,53.63,26.82,6488400
2010-06-04,52.78,53.35,51.31,51.55,25.77,9394600
2010-06-07,54.24,54.97,53.25,53.82,26.91,17728200
2010-06-08,53.72,53.81,51.92,52.59,26.3,10271200
2010-06-09,52.8,52.98,51.21,51.47,25.74,8555200
2010-06-10,51.88,52.67,51.65,52.4,26.2,8815400
2010-06-11,51.74,53.52,51.64,53.44,26.72,7790800
2010-06-14,53.4,54.16,52.93,52.99,26.5,7292400
2010-06-15,53.38,54.86,53.25,54.84,27.42,7526600
2010-06-16,54.27,55.93,54.27,55.38,27.69,7329600
2010-06-17,55.96,55.96,54.85,55.37,27.68,6543400
2010-06-18,55.28,55.87,55.02,55.35,27.67,6672200
2010-06-21,55.68,56.0,54.53,54.88,27.44,4898200
2010-06-22,55.17,56.05,54.52,54.61,27.31,6572600
2010-06-23,54.5,55.53,54.02,55.38,27.69,7970600
2010-06-24,55.03,55.45,54.55,54.79,27.4,5907200
2010-06-25,54.79,56.58,54.47,56.07,28.03,8529800
2010-06-28,56.07,56.74,55.12,55.89,27.94,6001600
2010-06-29,55.08,55.49,52.9,53.24,26.62,9666200
2010-06-30,50.92,52.0,49.54,50.82,25.41,23040800
2010-07-01,50.29,50.48,48.56,49.62,24.81,14034800
2010-07-02,49.84,51.13,49.65,50.74,25.37,8824000
2010-07-06,51.03,51.05,48.72,49.02,24.51,9526000
2010-07-07,49.23,49.59,48.02,49.48,24.74,8894200
2010-07-08,49.69,50.12,49.15,50.05,25.02,6265400
2010-07-09,50.4,51.24,50.12,51.18,25.59,6583000
2010-07-12,51.67,51.68,50.69,51.11,25.56,6445600
2010-07-13,51.45,52.95,51.33,52.34,26.17,7549400
2010-07-14,52.11,52.61,51.72,52.13,26.07,4878400
2010-07-15,52.38,53.36,52.28,53.29,26.65,8745600
2010-07-16,53.31,53.82,51.79,52.04,26.02,10420200
2010-07-19,52.27,52.8,52.12,52.6,26.3,4497800
2010-07-20,51.88,52.15,51.23,52.06,26.03,5866200
2010-07-21,52.02,52.38,50.85,51.09,25.55,8045000
2010-07-22,51.44,52.9,51.26,52.34,26.17,5460000
2010-07-23,52.07,52.92,51.63,52.75,26.38,7421600
2010-07-26,53.0,54.55,52.71,54.49,27.25,7414400
2010-07-27,54.44,54.74,53.6,54.2,27.1,4955000
2010-07-28,54.28,54.58,52.75,52.85,26.42,6541400
2010-07-29,54.65,54.89,52.56,53.7,26.85,11252800
2010-07-30,53.25,55.49,52.8,55.15,27.58,10448200
2010-08-02,55.9,56.69,55.75,56.32,28.16,6874800
2010-08-03,56.16,56.46,55.8,56.26,28.13,4777600
2010-08-04,56.17,57.02,56.11,56.59,28.3,5493000
2010-08-05,56.29,56.43,55.71,56.04,28.02,4164400
2010-08-06,55.07,56.75,54.89,56.67,28.33,6637200
2010-08-09,57.0,57.16,56.28,57.11,28.56,4438600
2010-08-10,56.81,58.01,56.15,57.81,28.91,6611000
2010-08-11,56.89,57.05,55.22,55.51,27.75,6096600
2010-08-12,54.54,56.51,54.25,56.07,28.03,4952000
2010-08-13,55.64,56.49,55.61,55.67,27.83,3467600
2010-08-16,55.26,55.78,54.75,55.49,27.75,4290000
2010-08-17,55.9,55.94,55.12,55.39,27.69,6002400
2010-08-18,55.27,55.92,54.77,55.17,27.58,6440800
2010-08-19,55.0,55.17,53.58,53.91,26.95,8113800
2010-08-20,53.83,54.06,53.03,53.67,26.83,6607000
2010-08-23,53.9,54.79,53.45,53.5,26.75,3952000
2010-08-24,53.2,53.2,50.77,51.05,25.52,14722000
2010-08-25,51.27,52.06,51.02,51.77,25.89,7211000
2010-08-26,51.81,51.86,49.5,50.62,25.31,14183600
2010-08-27,50.84,52.24,50.27,51.84,25.92,6656800
2010-08-30,51.62,51.91,50.84,50.84,25.42,5219600
2010-08-31,50.63,51.85,50.63,51.47,25.74,8157600
2010-09-01,52.2,53.12,51.8,52.73,26.36,6455600
2010-09-02,52.49,53.03,52.02,53.03,26.51,3965800
2010-09-03,53.04,53.48,52.66,53.28,26.64,4325000
2010-09-07,53.21,53.35,52.63,52.93,26.47,4414600
2010-09-08,53.15,54.13,53.05,53.98,26.99,4475800
2010-09-09,54.59,54.72,53.8,53.89,26.94,4494000
2010-09-10,54.1,55.5,53.83,55.45,27.73,6935000
2010-09-13,55.59,55.85,54.6,54.64,27.32,6779600
2010-09-14,54.41,55.03,54.14,54.32,27.16,7069600
2010-09-15,54.05,55.01,53.94,54.91,27.45,5370600
2010-09-16,54.79,55.11,54.46,54.83,27.42,3686800
2010-09-17,55.07,55.29,54.76,55.25,27.62,7104200
2010-09-20,55.51,56.14,55.13,56.02,28.01,5550800
2010-09-21,56.02,57.11,55.72,56.85,28.42,6738200
2010-09-22,57.08,57.59,56.79,56.92,28.46,6467400
2010-09-23,56.65,57.72,56.24,57.03,28.51,4742000
2010-09-24,57.45,58.68,57.27,58.46,29.23,6015400
2010-09-27,58.24,58.53,57.64,57.64,28.82,4014400
2010-09-28,58.0,59.0,57.46,58.28,29.14,5578800
2010-09-29,57.99,58.35,57.12,57.43,28.72,5000000
2010-09-30,57.86,58.39,57.18,57.61,28.81,5549200
2010-10-01,58.21,58.54,57.6,58.1,29.05,5172800
2010-10-04,58.0,58.28,56.84,57.37,28.68,4778800
2010-10-05,58.11,59.0,57.66,58.72,29.36,7120000
2010-10-06,58.5,58.84,57.29,57.8,28.9,5490000
2010-10-07,57.86,58.17,57.3,57.53,28.76,4960200
2010-10-08,57.69,58.15,57.21,57.83,28.92,4115600
2010-10-11,57.64,57.73,57.28,57.65,28.83,3275400
2010-10-12,57.42,58.2,56.6,57.88,28.94,6693400
2010-10-13,58.06,58.69,57.73,58.23,29.11,5648200
2010-10-14,58.34,58.67,57.67,57.95,28.98,7837400
2010-10-15,58.32,58.33,57.54,58.21,29.1,7454800
2010-10-18,58.42,59.89,58.14,59.7,29.85,6373200
2010-10-19,59.98,60.0,58.34,58.72,29.36,8205600
2010-10-20,58.7,59.21,58.05,58.12,29.06,8888800
2010-10-21,58.35,58.91,57.98,58.71,29.35,4689200
2010-10-22,58.64,58.9,58.18,58.74,29.37,3385600
2010-10-25,59.34,59.96,59.19,59.56,29.78,5672600
2010-10-26,59.33,59.43,58.34,59.24,29.62,4316600
2010-10-27,58.59,59.4,58.54,59.4,29.7,5199400
2010-10-28,61.5,62.74,60.93,61.2,30.6,15640200
2010-10-29,61.4,62.26,61.4,62.03,31.01,8487800
2010-11-01,61.5,62.19,61.28,61.9,30.95,6530400
2010-11-02,62.19,63.46,62.13,62.95,31.48,8150200
2010-11-03,62.93,63.0,61.69,62.51,31.25,5566400
2010-11-04,62.44,62.68,61.85,62.32,31.16,6235400
2010-11-05,62.23,62.29,60.76,61.22,30.61,7427600
2010-11-08,60.78,61.08,59.87,60.96,30.48,5565000
2010-11-09,60.98,61.2,60.34,60.69,30.34,4051600
2010-11-10,61.07,61.6,60.26,61.45,30.73,5110000
2010-11-11,60.78,61.59,60.54,61.39,30.69,2970200
2010-11-12,60.85,61.14,59.65,60.3,30.15,4188000
2010-11-15,60.89,60.91,60.45,60.57,30.28,4315600
2010-11-16,60.13,60.77,59.57,59.78,29.89,5996000
2010-11-17,59.71,60.05,59.05,59.95,29.98,4640400
2010-11-18,60.67,61.4,60.07,60.74,30.37,5532000
2010-11-19,60.71,60.89,60.12,60.61,30.31,4559000
2010-11-22,60.5,61.65,60.2,61.63,30.82,4872400
2010-11-23,61.15,61.61,60.21,60.52,30.26,5069600
2010-11-24,60.9,62.0,60.9,61.6,30.8,3933400
2010-11-26,61.19,61.47,60.9,61.21,30.6,973600
2010-11-29,60.99,61.06,59.17,59.89,29.94,7297400
2010-11-30,59.01,59.5,58.78,59.38,29.69,5673400
2010-12-01,60.15,60.64,60.03,60.41,30.2,5338400
2010-12-02,60.29,60.6,60.06,60.46,30.23,4422400
2010-12-03,60.3,60.67,60.12,60.59,30.3,4701600
2010-12-06,58.27,58.39,54.24,55.64,27.82,44428600
2010-12-07,56.93,57.83,56.09,56.27,28.14,28177000
2010-12-08,56.65,57.23,56.3,56.84,28.42,7698800
2010-12-09,57.04,57.3,56.71,57.05,28.52,6878000
2010-12-10,57.29,57.8,57.0,57.46,28.73,6864200
2010-12-13,57.58,57.62,56.73,56.73,28.36,5587000
2010-12-14,57.0,57.92,56.91,57.81,28.91,6516400
2010-12-15,57.53,58.16,57.5,57.83,28.92,5140000
2010-12-16,57.93,58.8,57.72,58.79,29.4,5947600
2010-12-17,58.73,59.34,58.29,59.27,29.64,8265400
2010-12-20,59.54,59.71,58.81,59.28,29.64,5813800
2010-12-21,59.35,59.35,58.5,59.11,29.56,4298400
2010-12-22,59.13,59.72,58.98,59.45,29.73,3748200
2010-12-23,59.19,59.72,59.01,59.69,29.84,3682000
2010-12-27,59.39,59.8,59.07,59.5,29.75,2787200
2010-12-28,59.46,59.64,59.17,59.44,29.72,2818000
2010-12-29,59.69,60.43,59.48,59.73,29.86,2846000
2010-12-30,59.65,59.75,59.34,59.43,29.72,2097200
2010-12-31,59.52,59.64,58.7,59.14,29.57,2140800
2011-01-03,59.74,60.9,59.68,60.02,30.01,5231800
2011-01-04,59.81,60.07,58.54,58.69,29.34,7326000
2011-01-05,58.4,59.72,58.22,59.39,29.69,7156600
2011-01-06,59.23,59.78,58.81,58.99,29.5,6571200
2011-01-07,59.25,59.55,58.83,59.16,29.58,5047200
2011-01-10,58.73,58.98,56.09,56.44,28.22,18008400
2011-01-11,56.81,58.06,56.61,58.0,29.0,7841000
2011-01-12,58.17,58.26,57.26,57.91,28.95,5647000
2011-01-13,57.77,58.0,57.08,57.25,28.62,4442400
2011-01-14,57.25,57.69,57.19,57.45,28.73,4624400
2011-01-18,57.5,57.98,56.79,56.89,28.44,6591800
2011-01-19,56.71,56.82,55.9,56.32,28.16,9191200
2011-01-20,56.19,56.86,55.87,56.63,28.32,6707600
2011-01-21,57.01,57.01,55.97,56.03,28.01,6071600
2011-01-24,55.87,56.98,55.64,56.63,28.32,4994000
2011-01-25,56.4,56.51,55.62,56.07,28.03,5464600
2011-01-26,56.25,56.94,55.92,56.19,28.09,5339400
2011-01-27,55.86,56.54,54.57,54.85,27.42,9423000
2011-01-28,54.67,54.7,51.1,51.18,25.59,24056400
2011-01-31,51.55,52.09,50.95,51.53,25.76,15914600
2011-02-01,51.99,52.86,51.88,52.24,26.12,12230400
2011-02-02,52.06,53.29,52.03,53.17,26.58,7565000
2011-02-03,52.81,52.9,49.0,49.5,24.75,37706200
2011-02-04,49.49,51.37,48.92,51.29,25.65,29815400
2011-02-07,51.19,51.6,50.67,50.95,25.48,11130600
2011-02-08,50.95,51.27,50.53,50.88,25.44,10699600
2011-02-09,50.72,50.93,50.11,50.74,25.37,14290200
2011-02-10,50.72,51.85,50.28,51.71,25.85,19081400
2011-02-11,51.59,52.07,51.52,51.99,26.0,17448800
2011-02-14,51.8,53.45,51.8,53.43,26.72,13290600
2011-02-15,53.1,53.27,52.68,53.14,26.57,13521400
2011-02-16,53.42,54.01,53.19,53.92,26.96,8688400
2011-02-17,53.96,54.05,53.17,53.63,26.82,5514400
2011-02-18,53.4,54.14,53.09,53.47,26.74,8012800
2011-02-22,53.07,53.49,52.78,52.89,26.44,7522200
2011-02-23,52.83,53.4,52.62,52.71,26.35,6833800
2011-02-24,52.15,53.0,51.76,52.89,26.44,9625800
2011-02-25,52.94,53.72,52.75,53.52,26.76,5548000
2011-02-28,53.98,54.87,53.0,53.1,26.55,8536000
2011-03-01,53.21,53.68,52.63,53.02,26.51,5712800
2011-03-02,52.75,54.07,52.68,53.72,26.86,7912000
2011-03-03,53.96,54.54,53.66,54.04,27.02,8629400
2011-03-04,53.94,54.36,53.94,54.26,27.13,8427600
2011-03-07,54.7,54.73,53.42,53.7,26.85,9300400
2011-03-08,53.8,54.41,53.42,54.07,27.03,4524200
2011-03-09,53.65,53.99,53.13,53.65,26.83,5156200
2011-03-10,53.2,53.34,51.85,51.92,25.96,9159000
2011-03-11,51.85,53.61,51.41,53.18,26.59,12100000
2011-03-14,52.99,55.08,52.84,53.88,26.94,9976800
2011-03-15,52.57,53.96,52.23,53.81,26.91,9559800
2011-03-16,53.19,53.78,52.61,52.88,26.44,8952200
2011-03-17,53.51,53.55,52.99,53.21,26.6,4719600
2011-03-18,53.13,53.73,52.71,52.98,26.49,12668200
2011-03-21,53.52,54.26,53.26,53.29,26.65,5332400
2011-03-22,53.23,53.66,52.83,52.84,26.42,6224200
2011-03-23,52.68,53.46,52.59,53.19,26.59,3645400
2011-03-24,53.6,55.1,53.31,54.89,27.44,6154800
2011-03-25,55.11,55.7,55.0,55.24,27.62,6905800
2011-03-28,55.49,55.52,54.87,55.0,27.5,3691200
2011-03-29,55.0,55.5,54.86,55.49,27.75,3745000
2011-03-30,55.95,56.97,55.87,56.74,28.37,6879400
2011-03-31,56.77,57.74,56.73,57.58,28.79,7158200
2011-04-01,57.73,57.95,56.94,57.3,28.65,6492600
2011-04-04,57.52,57.89,56.54,56.7,28.35,4991600
2011-04-05,56.41,56.82,55.76,55.9,27.95,6704400
2011-04-06,56.27,56.57,55.43,55.8,27.9,6459200
2011-04-07,55.67,56.31,55.45,56.29,28.15,5565200
2011-04-08,56.41,56.73,55.54,55.92,27.96,3416600
2011-04-11,55.88,56.67,55.23,55.36,27.68,5403000
2011-04-12,55.11,55.52,54.83,55.35,27.67,5226200
2011-04-13,55.57,56.21,55.31,55.93,27.97,3699000
2011-04-14,55.54,56.6,54.99,56.34,28.17,5538400
2011-04-15,56.63,57.4,56.34,56.98,28.49,6569800
2011-04-18,56.38,57.74,55.79,57.23,28.61,8819600
2011-04-19,57.25,57.35,55.9,56.38,28.19,4574400
2011-04-20,56.96,57.3,56.3,56.66,28.33,6203000
2011-04-21,56.56,56.99,56.11,56.4,28.2,4755200
2011-04-25,56.62,56.74,55.82,56.35,28.17,3223600
2011-04-26,56.67,57.75,56.37,57.7,28.85,5617800
2011-04-27,57.87,59.03,57.73,59.0,29.5,8552400
2011-04-28,58.72,59.17,57.23,58.84,29.42,9600000
2011-04-29,58.81,59.74,58.56,58.88,29.44,13059600
2011-05-02,59.25,60.77,58.9,59.78,29.89,9554800
2011-05-03,60.01,61.28,59.52,60.11,30.06,8600000
2011-05-04,60.12,61.7,60.12,60.95,30.48,8693200
2011-05-05,60.85,60.85,56.43,58.85,29.42,15990600
2011-05-06,59.66,60.09,58.75,59.3,29.65,7255600
2011-05-09,59.19,60.11,59.13,59.95,29.98,3698200
2011-05-10,60.03,60.2,59.64,60.1,30.05,4458000
2011-05-11,60.1,60.11,58.96,59.78,29.89,5600000
2011-05-12,59.59,60.27,58.67,60.18,30.09,4400000
2011-05-13,60.41,60.67,59.59,59.94,29.97,4471800
2011-05-16,59.74,60.09,59.35,59.52,29.76,3259200
2011-05-17,59.54,60.48,59.09,60.48,30.24,5843200
2011-05-18,60.33,60.99,60.1,60.8,30.4,4295600
2011-05-19,60.49,60.99,60.0,60.87,30.43,5208600
2011-05-20,60.77,60.99,60.03,60.49,30.25,4387800
2011-05-23,60.01,60.01,58.82,59.23,29.61,4600000
2011-05-24,59.35,59.46,58.87,59.39,29.69,4439800
2011-05-25,59.33,59.55,58.7,58.79,29.4,4793600
2011-05-26,58.51,59.54,58.15,59.46,29.73,5925200
2011-05-27,59.34,59.96,59.16,59.88,29.94,3368200
2011-05-31,60.25,60.91,59.87,60.91,30.45,4645000
2011-06-01,60.85,60.99,59.85,59.91,29.95,5978000
2011-06-02,59.81,60.24,59.43,59.84,29.92,2829600
2011-06-03,59.26,59.62,58.81,58.86,29.43,3148200
2011-06-06,58.86,59.0,58.28,58.46,29.23,3430800
2011-06-07,58.62,59.82,58.47,59.29,29.65,5337200
2011-06-08,58.64,59.88,58.64,59.32,29.66,2821400
2011-06-09,59.48,60.26,59.28,59.58,29.79,4673800
2011-06-10,59.49,59.55,58.29,58.3,29.15,4792800
2011-06-13,58.29,58.76,57.62,58.3,29.15,2755000
2011-06-14,58.72,58.76,57.98,58.06,29.03,4914200
2011-06-15,57.8,59.03,57.76,57.99,29.0,5565400
2011-06-16,57.85,58.38,57.34,57.83,28.92,6506000
2011-06-17,58.48,59.0,57.85,57.87,28.93,8517000
2011-06-20,57.92,59.89,57.82,59.59,29.8,5897000
2011-06-21,59.82,60.14,59.07,60.04,30.02,4568400
2011-06-22,59.8,60.35,59.55,59.87,29.93,4498600
2011-06-23,59.17,59.93,58.74,59.89,29.94,6798200
2011-06-24,59.6,59.72,58.56,58.77,29.39,5280400
2011-06-27,58.44,59.54,58.26,59.39,29.69,3691800
2011-06-28,59.64,60.54,59.28,60.53,30.26,4946800
2011-06-29,60.62,60.7,59.81,60.15,30.08,4965000
2011-06-30,60.55,60.95,60.13,60.32,30.16,5025800
2011-07-01,60.75,60.97,60.17,60.88,30.44,5034600
2011-07-05,60.94,60.99,60.02,60.31,30.16,4753800
2011-07-06,60.35,60.96,60.17,60.53,30.26,4169000
2011-07-07,61.0,61.84,60.35,61.68,30.84,5633800
2011-07-08,61.49,62.49,61.29,61.99,31.0,5474400
2011-07-11,61.38,61.72,60.72,61.01,30.5,3581000
2011-07-12,61.27,61.64,61.03,61.06,30.53,3763400
2011-07-13,61.56,61.75,60.19,61.08,30.54,4139000
2011-07-14,61.07,61.49,60.42,60.58,30.29,3413800
2011-07-15,60.77,61.01,60.25,60.67,30.33,3460800
2011-07-18,60.38,60.67,58.64,59.14,29.57,7630400
2011-07-19,59.34,60.6,59.34,60.54,30.27,4047200
2011-07-20,60.73,60.88,59.9,60.37,30.18,4828400
2011-07-21,60.58,61.98,60.58,61.49,30.75,4991200
2011-07-22,61.66,61.73,61.08,61.18,30.59,4597000
2011-07-25,61.22,61.25,60.46,60.81,30.41,3391800
2011-07-26,60.7,60.7,59.81,59.99,30.0,5534000
2011-07-27,59.68,59.99,58.67,59.48,29.74,7797400
2011-07-28,61.18,62.32,59.92,59.96,29.98,11148600
2011-07-29,59.67,60.47,59.03,59.3,29.65,11034400
2011-08-01,59.84,60.17,57.93,58.47,29.24,8015200
2011-08-02,58.26,58.75,57.24,57.29,28.65,8146400
2011-08-03,57.51,58.39,55.43,58.28,29.14,10770000
2011-08-04,57.1,58.3,55.48,55.51,27.75,14366800
2011-08-05,55.86,56.87,54.25,55.52,27.76,14447800
2011-08-08,54.11,54.63,51.93,52.39,26.19,16855800
2011-08-09,52.95,54.68,51.81,54.58,27.29,15109600
2011-08-10,53.68,53.83,51.7,51.85,25.92,12812400
2011-08-11,51.94,54.28,51.75,53.65,26.83,11702000
2011-08-12,53.77,54.9,53.34,54.43,27.22,7865600
2011-08-15,54.67,55.92,54.43,55.74,27.87,8050200
2011-08-16,55.13,56.48,55.01,56.18,28.09,6447000
2011-08-17,56.4,57.45,55.57,56.33,28.17,5222000
2011-08-18,55.11,55.6,53.87,54.55,27.27,8565200
2011-08-19,53.63,55.33,53.5,54.68,27.34,8597400
2011-08-22,55.5,55.89,55.17,55.32,27.66,7048000
2011-08-23,55.68,57.21,55.1,57.17,28.58,7148400
2011-08-24,57.0,57.84,56.8,57.81,28.91,5665600
2011-08-25,57.84,57.93,56.21,56.36,28.18,7085400
2011-08-26,56.23,57.46,55.28,57.3,28.65,4915000
2011-08-29,57.85,58.31,57.37,58.28,29.14,5559800
2011-08-30,57.81,59.91,57.58,59.53,29.76,6820000
2011-08-31,59.67,60.42,58.99,59.47,29.74,6567200
2011-09-01,59.85,60.14,59.15,59.54,29.77,5635000
2011-09-02,58.58,59.62,58.26,58.34,29.17,4738000
2011-09-06,57.12,59.36,56.79,59.23,29.61,5776800
2011-09-07,59.7,60.28,59.3,60.26,30.13,4905000
2011-09-08,59.84,61.83,59.66,60.84,30.42,8068600
2011-09-09,60.15,61.11,59.76,59.77,29.89,8855400
2011-09-12,58.98,60.57,58.98,60.32,30.16,9630400
2011-09-13,60.63,61.2,60.1,60.39,30.19,9114000
2011-09-14,60.57,61.0,59.65,60.23,30.11,9562600
2011-09-15,60.92,61.15,59.84,60.33,30.17,8327200
2011-09-16,60.63,61.49,59.98,61.04,30.52,8563000
2011-09-19,60.43,61.38,60.43,61.19,30.59,6479800
2011-09-20,61.5,65.86,61.3,65.56,32.78,22230800
2011-09-21,65.37,65.83,63.73,63.8,31.9,11442600
2011-09-22,61.86,63.69,61.05,63.54,31.77,14469000
2011-09-23,63.33,63.75,62.17,62.67,31.33,9655800
2011-09-26,63.03,63.41,61.41,63.1,31.55,6838600
2011-09-27,64.5,65.1,63.67,63.97,31.99,8581800
2011-09-28,64.31,64.51,62.29,62.4,31.2,5724400
2011-09-29,63.21,63.34,61.84,62.93,31.47,6657600
2011-09-30,62.03,63.0,61.63,61.91,30.95,7662400
2011-10-03,61.6,62.41,60.66,60.7,30.35,7420000
2011-10-04,60.26,61.44,59.32,61.31,30.66,7724800
2011-10-05,61.15,64.2,61.15,64.08,32.04,9558800
2011-10-06,63.8,63.8,62.65,63.35,31.67,8627400
2011-10-07,63.64,63.83,62.83,62.95,31.48,6342400
2011-10-10,64.55,66.98,64.49,65.53,32.76,10027600
2011-10-11,65.49,66.9,65.32,66.33,33.17,7276000
2011-10-12,66.9,66.9,65.41,65.45,32.72,6005400
2011-10-13,65.2,66.79,64.83,66.36,33.18,4794600
2011-10-14,67.0,67.01,65.9,66.3,33.15,4853400
2011-10-17,66.22,66.27,64.69,64.85,32.42,6555400
2011-10-18,65.03,66.11,64.3,65.87,32.94,6577400
2011-10-19,65.72,66.1,65.13,65.31,32.65,4928800
2011-10-20,65.53,66.97,65.04,65.95,32.97,5266400
2011-10-21,66.76,67.37,66.0,66.93,33.47,6276400
2011-10-24,67.2,68.25,66.87,67.86,33.93,6240400
2011-10-25,67.82,67.88,65.78,65.89,32.94,7468400
2011-10-26,66.88,67.0,65.46,66.47,33.24,8213400
2011-10-27,65.71,66.83,64.47,65.29,32.65,15220400
2011-10-28,65.55,66.29,65.41,66.19,33.1,6463200
2011-10-31,65.7,65.76,64.5,64.83,32.42,5947400
2011-11-01,63.19,64.06,62.71,63.56,31.78,7204600
2011-11-02,64.11,64.32,62.94,63.79,31.9,6402400
2011-11-03,63.65,64.5,63.63,64.14,32.07,6276800
2011-11-04,63.94,64.03,63.16,63.73,31.86,4897000
2011-11-07,63.9,64.68,63.15,64.29,32.15,5465200
2011-11-08,64.65,65.32,64.01,65.18,32.59,5443400
2011-11-09,64.07,65.14,63.71,64.31,32.15,7234000
2011-11-10,64.84,64.98,63.45,64.31,32.15,6548000
2011-11-11,64.74,64.96,62.84,64.57,32.28,9867600
2011-11-14,64.54,65.15,64.3,65.02,32.51,4838000
2011-11-15,65.0,65.76,64.75,65.41,32.71,4957000
2011-11-16,64.77,65.82,64.33,64.87,32.44,6104800
2011-11-17,65.18,65.3,62.94,64.66,32.33,8320200
2011-11-18,64.5,64.52,63.0,63.04,31.52,6988200
2011-11-21,62.52,62.52,60.51,61.32,30.66,9652800
2011-11-22,60.98,62.05,60.72,61.69,30.84,6902000
2011-11-23,61.25,61.3,60.42,60.43,30.22,5679000
2011-11-25,60.03,60.91,60.0,60.24,30.12,3211400
2011-11-28,61.21,62.1,60.53,62.05,31.02,5078200
2011-11-29,62.27,62.7,61.08,61.23,30.61,6447800
2011-11-30,62.25,63.12,61.99,63.08,31.54,7080400
2011-12-01,63.17,63.21,62.13,62.76,31.38,6302400
2011-12-02,63.06,63.19,61.08,61.21,30.6,8263800
2011-12-05,62.2,62.31,60.89,61.31,30.66,8704600
2011-12-06,61.57,62.5,61.38,62.21,31.1,7646200
2011-12-07,62.2,62.99,61.87,62.65,31.33,4896400
2011-12-08,62.39,62.71,61.14,61.29,30.65,4999400
2011-12-09,61.49,63.71,61.17,63.58,31.79,7973400
2011-12-12,62.9,64.47,62.56,63.66,31.83,10296800
2011-12-13,64.1,64.71,63.7,63.96,31.98,8648400
2011-12-14,63.79,64.61,62.84,63.03,31.51,7426400
2011-12-15,63.5,63.6,62.98,63.1,31.55,6271600
2011-12-16,63.43,64.02,62.89,63.69,31.84,11477400
2011-12-19,63.84,65.0,63.6,64.58,32.29,6372800
2011-12-20,65.38,66.88,65.36,66.43,33.22,10707600
2011-12-21,66.56,67.53,65.73,66.55,33.28,6419800
2011-12-22,66.92,67.1,66.47,67.09,33.54,3777200
2011-12-23,67.44,67.44,66.6,67.32,33.66,2338800
2011-12-27,67.27,68.04,67.05,68.01,34.01,2638800
2011-12-28,68.16,68.16,66.73,66.8,33.4,3875600
2011-12-29,67.02,67.64,66.85,67.55,33.78,3097400
2011-12-30,67.67,68.1,67.36,67.6,33.8,3562000
2012-01-03,68.51,68.96,68.07,68.66,34.33,6066400
2012-01-04,68.34,68.93,67.68,67.92,33.96,5356600
2012-01-05,67.97,69.26,67.68,68.51,34.26,6671600
2012-01-06,68.12,68.45,66.28,67.22,33.61,11531800
2012-01-09,67.23,68.85,66.87,68.23,34.12,13592800
2012-01-10,69.19,70.77,68.88,70.26,35.13,10848800
2012-01-11,70.51,72.31,70.19,72.07,36.03,8623000
2012-01-12,72.22,73.49,71.21,73.2,36.6,10842800
2012-01-13,72.76,72.9,71.88,72.63,36.31,5697200
2012-01-17,73.53,75.11,72.66,73.11,36.56,5891400
2012-01-18,72.88,73.18,72.48,72.74,36.37,7093000
2012-01-19,72.84,72.92,72.0,72.21,36.1,6365600
2012-01-20,72.4,74.75,72.21,73.84,36.92,9982400
2012-01-23,73.99,74.13,72.96,73.43,36.72,5211400
2012-01-24,73.24,74.04,72.87,74.02,37.01,5894600
2012-01-25,73.6,74.2,73.04,73.79,36.9,7555400
2012-01-26,73.96,74.63,72.34,72.66,36.33,7985600
2012-01-27,72.73,73.75,71.49,73.37,36.69,6946200
2012-01-30,71.29,72.72,71.23,72.72,36.36,6772600
2012-01-31,72.01,72.96,72.01,72.69,36.35,5520600
2012-02-01,72.72,74.32,72.7,73.92,36.96,7750600
2012-02-02,73.74,74.58,73.53,74.16,37.08,4030000
2012-02-03,74.4,74.48,72.77,73.21,36.6,6869200
2012-02-06,72.84,73.85,72.81,73.53,36.76,4121600
2012-02-07,73.81,73.83,72.7,73.41,36.71,4961200
2012-02-08,73.23,73.41,72.0,72.86,36.43,4124800
2012-02-09,73.15,73.19,71.92,72.0,36.0,8117800
2012-02-10,71.97,72.29,71.51,71.74,35.87,5977400
2012-02-13,72.51,73.47,71.91,73.16,36.58,4804800
2012-02-14,72.85,74.15,72.77,74.14,37.07,6547800
2012-02-15,74.36,76.09,73.83,74.6,37.3,10681200
2012-02-16,74.54,75.74,74.46,75.5,37.75,5298000
2012-02-17,75.32,75.44,74.44,74.66,37.33,5344800
2012-02-21,75.02,75.03,73.73,74.03,37.01,6098400
2012-02-22,73.88,74.79,73.43,74.64,37.32,4850200
2012-02-23,74.55,75.25,74.08,74.91,37.46,4442200
2012-02-24,74.89,75.27,74.65,74.89,37.44,3628600
2012-02-27,74.51,74.53,73.52,74.08,37.04,5385600
2012-02-28,74.21,74.24,73.37,73.76,36.88,5366600
2012-02-29,73.55,74.73,73.25,73.32,36.66,7785400
2012-03-01,73.56,74.24,73.3,73.92,36.96,4227600
2012-03-02,73.86,73.97,73.4,73.73,36.87,4467800
2012-03-05,73.51,73.84,72.17,73.07,36.53,4380400
2012-03-06,72.68,72.83,71.3,72.28,36.14,5377000
2012-03-07,72.15,72.85,71.95,72.56,36.28,3011600
2012-03-08,72.92,74.52,72.73,74.24,37.12,4816200
2012-03-09,74.45,75.27,74.24,75.18,37.59,5644000
2012-03-12,75.14,75.28,74.27,74.41,37.21,4526600
2012-03-13,74.61,76.29,74.45,76.14,38.07,6777600
2012-03-14,75.92,77.43,75.29,76.01,38.01,5868400
2012-03-15,76.04,76.4,75.52,76.13,38.06,4157200
2012-03-16,75.91,76.83,75.53,75.6,37.8,7562400
2012-03-19,75.44,75.94,75.08,75.53,37.76,5298600
2012-03-20,75.48,76.01,75.25,75.53,37.76,3593600
2012-03-21,75.53,76.0,75.29,75.59,37.79,4119600
2012-03-22,75.4,76.38,75.04,76.17,38.08,4994400
2012-03-23,76.38,76.92,75.67,76.83,38.42,4834200
2012-03-26,77.0,78.53,76.5,78.5,39.25,6254000
2012-03-27,78.83,78.83,77.9,78.04,39.02,4957400
2012-03-28,78.06,78.69,77.26,77.93,38.97,6783600
2012-03-29,77.54,78.2,77.22,77.52,38.76,4133400
2012-03-30,77.64,77.86,77.03,77.52,38.76,4918400
2012-04-02,77.57,78.26,76.98,78.2,39.1,4419200
2012-04-03,78.09,80.37,77.89,80.29,40.15,8545800
2012-04-04,79.99,80.42,79.0,79.22,39.61,7746200
2012-04-05,78.89,79.68,78.52,79.65,39.83,5094000
2012-04-09,78.76,79.53,78.29,79.25,39.62,4091800
2012-04-10,78.9,79.39,78.25,79.2,39.6,8294000
2012-04-11,80.16,80.16,78.51,78.52,39.26,5134000
2012-04-12,78.72,79.08,78.36,78.58,39.29,3120000
2012-04-13,79.21,79.47,77.87,78.32,39.16,5498800
2012-04-16,78.64,79.11,77.71,78.16,39.08,3886400
2012-04-17,78.31,79.72,78.31,79.17,39.58,4291000
2012-04-18,79.1,79.62,78.87,78.88,39.44,4138800
2012-04-19,78.75,80.11,78.28,78.59,39.29,5522800
2012-04-20,78.89,79.91,78.41,79.1,39.55,5890000
2012-04-23,78.68,78.71,77.04,77.43,38.72,5785800
2012-04-24,77.49,78.18,77.17,77.35,38.67,5079600
2012-04-25,77.52,78.66,76.8,77.91,38.96,6147000
2012-04-26,74.74,75.98,72.36,72.92,36.46,21029400
2012-04-27,72.92,73.56,72.33,73.38,36.69,12074400
2012-04-30,73.65,73.86,72.75,72.93,36.47,6717000
2012-05-01,72.98,73.31,71.87,72.58,36.29,9655600
2012-05-02,72.18,72.47,71.86,71.97,35.99,10130800
2012-05-03,72.22,72.26,71.09,71.4,35.7,6894000
2012-05-04,70.89,71.21,69.55,69.81,34.9,7558400
2012-05-07,69.46,70.48,69.08,70.14,35.07,8377800
2012-05-08,69.65,70.83,69.18,70.77,35.38,5730000
2012-05-09,70.4,70.77,69.87,70.42,35.21,6872000
2012-05-10,70.91,71.33,70.44,70.65,35.33,5949800
2012-05-11,70.23,71.08,70.2,70.79,35.4,4951400
2012-05-14,70.44,71.52,70.0,71.11,35.56,4592800
2012-05-15,71.12,71.75,70.78,71.2,35.6,4811000
2012-05-16,71.24,71.31,70.58,70.72,35.36,5612200
2012-05-17,70.49,70.99,69.07,69.07,34.53,6866000
2012-05-18,69.28,69.36,67.57,68.1,34.05,9067400
2012-05-21,68.11,69.51,68.1,69.42,34.71,4938600
2012-05-22,69.61,70.47,69.11,69.65,34.83,4204200
2012-05-23,69.21,69.38,68.4,69.08,34.54,5067800
2012-05-24,69.0,69.92,68.3,69.91,34.96,6230000
2012-05-25,70.05,70.1,68.71,68.9,34.45,5222800
2012-05-29,69.08,69.79,68.58,68.75,34.38,5163200
2012-05-30,68.41,69.37,68.28,68.9,34.45,5659200
2012-05-31,68.74,69.23,68.11,68.25,34.12,6608600
2012-06-01,67.44,67.6,64.98,65.33,32.67,9002800
2012-06-04,64.93,65.69,64.46,64.89,32.44,9371000
2012-06-05,64.76,65.38,64.17,64.45,32.22,5865600
2012-06-06,64.68,65.43,64.59,65.31,32.65,5651600
2012-06-07,66.0,66.18,64.96,65.09,32.54,4470000
2012-06-08,64.91,65.5,64.79,65.04,32.52,4511000
2012-06-11,65.39,65.5,63.66,63.7,31.85,7482400
2012-06-12,63.88,64.0,62.76,63.07,31.53,8039800
2012-06-13,63.96,64.81,63.43,63.59,31.8,11016000
2012-06-14,63.62,66.03,63.61,65.91,32.96,7027200
2012-06-15,66.03,66.42,65.2,66.16,33.08,8572800
2012-06-18,64.8,66.39,64.77,65.93,32.97,5443400
2012-06-19,66.28,67.63,66.01,67.62,33.81,7159400
2012-06-20,68.25,69.68,66.67,67.16,33.58,5799200
2012-06-21,59.49,60.9,58.53,59.45,29.73,46798800
2012-06-22,60.07,61.71,59.5,61.63,30.82,15777200
2012-06-25,61.17,61.51,60.9,61.23,30.61,10351200
2012-06-26,62.12,63.7,61.79,63.25,31.62,13438200
2012-06-27,63.18,63.96,62.88,63.49,31.75,8174800
2012-06-28,63.03,63.09,61.37,62.05,31.02,7952400
2012-06-29,63.97,64.5,63.26,64.16,32.08,8513800
2012-07-02,64.67,64.88,63.96,64.88,32.44,4701000
2012-07-03,64.88,65.76,64.22,65.76,32.88,3096200
2012-07-05,65.66,66.0,64.68,65.31,32.65,4128200
2012-07-06,65.11,65.61,64.4,64.77,32.38,3341400
2012-07-09,64.81,65.06,64.45,64.95,32.47,3766000
2012-07-10,65.1,65.29,63.87,64.08,32.04,4350000
2012-07-11,63.85,64.42,62.89,63.32,31.66,4367600
2012-07-12,62.55,63.35,61.89,62.95,31.48,9379000
2012-07-13,63.05,65.44,62.96,65.27,32.63,7594200
2012-07-16,65.16,66.4,65.01,66.15,33.08,6913000
2012-07-17,65.9,67.17,65.9,66.82,33.41,7232000
2012-07-18,66.83,67.75,66.35,67.34,33.67,4791200
2012-07-19,67.45,68.09,66.93,67.98,33.99,5794000
2012-07-20,67.98,68.14,65.97,66.42,33.21,7854000
2012-07-23,65.4,66.06,64.48,65.78,32.89,5687000
2012-07-24,65.88,66.38,63.89,64.0,32.0,7285000
2012-07-25,64.38,65.85,64.05,65.28,32.64,7119600
2012-07-26,67.48,68.8,65.53,67.49,33.74,10398800
2012-07-27,67.99,71.42,67.69,70.6,35.3,9523600
2012-07-30,70.23,70.76,69.37,69.4,34.7,7069800
2012-07-31,69.48,70.22,68.36,68.46,34.23,6894600
2012-08-01,69.29,69.46,68.11,68.15,34.08,6040000
2012-08-02,67.95,68.38,66.87,68.21,34.1,8637600
2012-08-03,69.32,69.96,68.69,69.3,34.65,5437800
2012-08-06,69.66,71.39,69.38,71.07,35.53,6278000
2012-08-07,71.15,71.66,70.79,71.44,35.72,5522400
2012-08-08,71.35,71.95,70.8,71.77,35.88,5814600
2012-08-09,71.5,71.95,70.85,71.25,35.62,3882600
2012-08-10,71.2,72.0,70.98,71.94,35.97,3307000
2012-08-13,71.87,71.94,70.75,71.85,35.92,3031400
2012-08-14,71.97,71.97,70.92,71.12,35.56,7016000
2012-08-15,71.12,71.85,70.87,70.91,35.46,7429600
2012-08-16,70.78,71.01,69.99,70.24,35.12,9662200
2012-08-17,70.56,70.56,69.0,69.11,34.56,8839600
2012-08-20,69.22,70.9,69.06,70.81,35.4,5547800
2012-08-21,71.0,71.57,70.36,71.33,35.67,5472000
2012-08-22,71.31,71.85,71.02,71.6,35.8,3962200
2012-08-23,71.33,71.6,70.66,71.47,35.74,3843000
2012-08-24,71.35,72.53,71.35,72.04,36.02,4171600
2012-08-27,71.9,72.31,71.02,71.69,35.85,3995600
2012-08-28,71.69,72.15,71.18,72.02,36.01,4399600
2012-08-29,72.08,72.34,71.38,71.63,35.81,2213800
2012-08-30,71.17,71.58,70.42,70.83,35.42,2326800
2012-08-31,71.56,72.32,71.0,72.04,36.02,3035800
2012-09-04,71.39,72.4,70.8,72.07,36.03,3925000
2012-09-05,71.85,72.0,70.66,70.96,35.48,4681800
2012-09-06,72.03,74.6,72.03,74.49,37.24,9214400
2012-09-07,75.0,75.73,73.96,75.44,37.72,5721000
2012-09-10,74.93,74.99,73.23,73.58,36.79,5062000
2012-09-11,73.38,73.92,73.25,73.62,36.81,3108600
2012-09-12,73.98,74.43,73.6,73.99,36.99,2818800
2012-09-13,74.0,75.45,73.61,75.09,37.54,5055800
2012-09-14,75.1,76.32,74.4,76.27,38.13,7153400
2012-09-17,75.61,76.91,75.28,76.81,38.4,5834400
2012-09-18,76.54,77.59,76.5,76.92,38.46,4745400
2012-09-19,78.63,78.63,76.14,76.99,38.49,5203000
2012-09-20,76.62,77.5,76.4,77.08,38.54,3896600
2012-09-21,77.14,77.88,77.03,77.27,38.63,6890000
2012-09-24,76.63,77.24,76.3,76.91,38.46,3716400
2012-09-25,77.06,77.8,76.09,76.14,38.07,4619600
2012-09-26,76.62,77.5,75.92,76.08,38.04,4769000
2012-09-27,76.3,77.15,75.97,76.74,38.37,3698600
2012-09-28,76.32,76.85,76.01,76.4,38.2,4430800
2012-10-01,76.97,77.85,76.47,76.78,38.39,3224000
2012-10-02,78.03,78.83,77.72,78.42,39.21,6427200
2012-10-03,78.93,79.06,78.22,78.99,39.49,4863800
2012-10-04,79.23,79.99,79.02,79.58,39.79,4289600
2012-10-05,80.0,81.24,79.8,80.29,40.15,5910000
2012-10-08,80.0,80.42,79.41,80.29,40.15,3398600
2012-10-09,79.52,80.52,79.31,79.91,39.96,4405000
2012-10-10,79.19,79.61,76.06,77.36,38.68,11231600
2012-10-11,77.2,78.2,77.1,77.72,38.86,4520800
2012-10-12,79.01,79.75,78.25,78.42,39.21,5770200
2012-10-15,78.42,78.42,77.23,77.97,38.99,3644600
2012-10-16,78.28,78.45,77.54,78.2,39.1,3221800
2012-10-17,78.2,79.39,77.84,78.81,39.4,3496600
2012-10-18,78.85,78.96,77.76,78.48,39.24,3583800
2012-10-19,78.47,78.64,75.1,75.16,37.58,7295800
2012-10-22,75.02,75.55,74.55,75.0,37.5,4202800
2012-10-23,74.34,75.49,73.84,74.05,37.03,5271400
2012-10-24,74.34,74.83,73.89,74.06,37.03,4811600
2012-10-25,74.69,75.5,74.06,74.32,37.16,3741400
2012-10-26,74.14,75.48,74.14,75.2,37.6,4442600
2012-10-31,75.42,75.43,73.2,73.35,36.67,5047200
2012-11-01,74.03,75.24,73.94,74.81,37.4,4180400
2012-11-02,75.01,75.01,72.95,73.04,36.52,4263200
2012-11-05,72.86,73.53,72.55,73.3,36.65,4025600
2012-11-06,73.78,74.49,73.23,74.06,37.03,3580600
2012-11-07,73.42,73.42,71.79,72.56,36.28,4955400
2012-11-08,72.29,72.67,71.25,71.3,35.65,3412400
2012-11-09,71.3,73.01,71.23,71.5,35.75,5329800
2012-11-12,78.02,78.46,74.3,75.66,37.83,15055000
2012-11-13,74.91,76.13,74.39,74.4,37.2,6259200
2012-11-14,74.57,75.86,74.35,74.75,37.38,7747400
2012-11-15,74.73,74.79,73.34,73.54,36.77,7223000
2012-11-16,73.59,75.0,73.27,74.33,37.17,8173200
2012-11-19,75.24,76.1,74.25,75.18,37.59,7018800
2012-11-20,75.18,77.16,74.49,77.12,38.56,5947000
2012-11-21,77.62,78.11,77.57,77.86,38.93,4406200
2012-11-23,77.77,78.57,77.71,78.51,39.26,1792800
2012-11-26,78.21,78.84,77.67,78.79,39.4,4856400
2012-11-27,78.71,79.45,78.06,78.14,39.07,5208400
2012-11-28,77.89,78.99,76.98,78.89,39.44,5031600
2012-11-29,79.0,79.8,78.86,79.39,39.69,4701800
2012-11-30,79.63,79.81,78.38,78.59,39.29,6731400
2012-12-03,78.75,79.8,78.39,78.66,39.33,6421000
2012-12-04,78.9,79.94,78.82,79.44,39.72,7470000
2012-12-05,79.35,79.61,78.4,79.4,39.7,4949800
2012-12-06,79.28,79.79,78.83,79.08,39.54,3941400
2012-12-07,79.03,79.25,78.25,78.68,39.34,4017800
2012-12-10,78.77,80.99,78.68,80.5,40.25,9769600
2012-12-11,81.46,82.78,80.71,82.08,41.04,12201600
2012-12-12,81.89,82.0,81.15,81.19,40.6,6395000
2012-12-13,80.87,81.28,79.29,79.84,39.92,5747200
2012-12-14,79.67,80.34,79.0,79.36,39.68,4700000
2012-12-17,79.39,80.57,78.63,80.44,40.22,5528600
2012-12-18,80.34,80.95,79.96,80.03,40.01,6692600
2012-12-19,80.26,80.63,79.46,79.7,39.85,5896200
2012-12-20,79.88,80.33,79.46,80.02,40.01,4574200
2012-12-21,79.63,79.76,78.3,79.7,39.85,12070600
2012-12-24,79.1,79.44,79.03,79.27,39.63,2838400
2012-12-26,79.17,79.54,78.27,78.71,39.35,3252400
2012-12-27,78.53,79.52,77.62,78.58,39.29,4438400
2012-12-28,78.01,78.72,77.7,77.73,38.87,3036800
2012-12-31,77.79,78.82,77.22,78.47,39.24,4876200
2013-01-02,80.12,81.1,79.75,81.1,40.55,8016000
2013-01-03,81.38,82.39,81.1,81.67,40.83,5349200
2013-01-04,82.03,83.17,81.6,82.09,41.04,5976400
2013-01-07,82.1,85.94,81.33,85.73,42.87,17560200
2013-01-08,87.64,91.52,87.21,91.41,45.71,22886800
2013-01-09,91.04,93.13,90.39,92.34,46.17,12545400
2013-01-10,92.56,95.53,92.25,95.48,47.74,12992400
2013-01-11,95.78,96.33,94.45,96.3,48.15,10395600
2013-01-14,96.19,97.71,95.37,97.67,48.83,8441800
2013-01-15,97.9,99.51,97.22,99.39,49.69,13214800
2013-01-16,99.2,99.25,98.21,98.86,49.43,6883000
2013-01-17,98.9,99.75,97.89,98.19,49.1,7671800
2013-01-18,98.29,100.12,98.11,100.03,50.01,7560600
2013-01-22,99.98,100.05,98.43,99.31,49.65,8800800
2013-01-23,97.92,99.33,96.66,98.22,49.11,8300400
2013-01-24,97.93,98.77,97.04,97.49,48.74,6837000
2013-01-25,96.42,99.9,96.3,99.76,49.88,10363400
2013-01-28,99.0,99.43,98.1,98.95,49.47,6262000
2013-01-29,99.11,99.59,98.21,99.2,49.6,4951000
2013-01-30,99.0,99.73,97.85,98.47,49.24,6847200
2013-01-31,98.17,99.57,97.92,98.96,49.48,5816800
2013-02-01,99.94,102.29,99.19,101.44,50.72,10385400
2013-02-04,100.05,101.33,97.98,98.59,49.29,7309000
2013-02-05,99.09,100.1,98.44,99.76,49.88,5449200
2013-02-06,99.54,99.69,97.25,97.89,48.94,6554200
2013-02-07,98.4,99.2,96.78,97.84,48.92,5854400
2013-02-08,98.85,100.86,97.91,100.13,50.06,7221800
2013-02-11,100.87,101.56,99.35,99.94,49.97,6359600
2013-02-12,100.0,100.42,98.89,98.96,49.48,4430200
2013-02-13,99.07,99.4,97.9,99.07,49.53,4529800
2013-02-14,99.17,100.2,98.55,99.51,49.76,4828400
2013-02-15,99.43,99.7,98.54,98.77,49.38,5272600
2013-02-19,98.75,100.56,98.62,100.46,50.23,4742800
2013-02-20,101.99,103.69,100.39,100.4,50.2,12259800
2013-02-21,100.29,100.29,97.85,99.43,49.72,7427600
2013-02-22,99.59,102.28,99.45,101.65,50.83,6836200
2013-02-25,101.84,102.0,98.9,99.0,49.5,6483600
2013-02-26,98.77,100.5,98.75,99.45,49.72,4743200
2013-02-27,99.08,101.64,98.62,101.04,50.52,4923600
2013-02-28,101.05,105.14,100.85,103.27,51.63,12037800
2013-03-01,103.25,105.82,102.53,105.62,52.81,7980200
2013-03-04,103.17,105.66,102.5,105.56,52.78,9731400
2013-03-05,105.25,108.51,105.18,108.37,54.19,8085400
2013-03-06,108.59,110.8,108.59,110.03,55.01,9501600
2013-03-07,110.37,110.37,108.98,110.18,55.09,5220200
2013-03-08,110.73,111.8,109.95,111.36,55.68,5473800
2013-03-11,111.48,112.09,110.67,111.92,55.96,6725000
2013-03-12,112.0,113.88,111.47,113.72,56.86,7281200
2013-03-13,113.5,114.0,112.62,113.07,56.53,6577200
2013-03-14,113.32,115.44,113.32,114.28,57.14,6025400
2013-03-15,114.24,114.29,112.29,112.4,56.2,9938800
2013-03-18,111.25,113.49,108.01,111.9,55.95,6454000
2013-03-19,112.38,112.55,110.29,111.04,55.52,5474200
2013-03-20,112.22,112.71,111.47,112.32,56.16,4759200
2013-03-21,111.9,112.87,111.29,112.03,56.01,3788600
2013-03-22,112.5,113.17,111.81,113.13,56.56,3297800
2013-03-25,112.89,113.71,111.07,111.79,55.9,5213200
2013-03-26,112.5,113.39,112.06,112.47,56.24,4729200
2013-03-27,111.52,113.46,111.25,113.24,56.62,4295600
2013-03-28,113.45,116.95,113.14,115.91,57.96,6724600
2013-04-01,116.51,117.94,116.29,117.04,58.52,5072000
2013-04-02,118.31,118.78,117.34,117.79,58.9,5817600
2013-04-03,117.87,118.3,114.52,115.55,57.78,6895400
2013-04-04,116.13,116.97,114.76,115.95,57.97,3755800
2013-04-05,116.1,117.8,115.01,116.43,58.22,7115600
2013-04-08,116.67,116.79,115.26,116.72,58.36,4437600
2013-04-09,116.89,117.31,115.73,116.61,58.31,3269200
2013-04-10,116.63,120.84,116.61,120.81,60.4,5174800
2013-04-11,121.75,123.8,121.61,122.99,61.49,6649600
2013-04-12,122.98,124.1,122.32,123.0,61.5,5575400
2013-04-15,122.5,123.01,120.23,120.37,60.19,6714200
2013-04-16,122.0,123.0,120.4,122.5,61.25,4945000
2013-04-17,121.44,122.57,119.88,121.34,60.67,6024800
2013-04-18,121.04,121.34,118.09,119.08,59.54,4385600
2013-04-19,118.55,122.88,118.5,122.36,61.18,6727800
2013-04-22,124.16,127.57,123.55,126.84,63.42,7524800
2013-04-23,127.81,128.52,125.38,126.0,63.0,6476800
2013-04-24,124.49,124.69,116.8,118.28,59.14,13608600
2013-04-25,120.5,121.05,116.25,117.95,58.97,10312800
2013-04-26,118.07,121.01,117.96,120.34,60.17,6498800
2013-04-29,120.28,120.92,118.32,118.47,59.24,7043400
2013-04-30,119.46,119.46,116.85,118.07,59.03,7734400
2013-05-01,117.92,118.76,116.28,116.66,58.33,6135600
2013-05-02,116.23,119.57,114.05,119.26,59.63,6690200
2013-05-03,120.22,121.9,119.81,121.64,60.82,5766600
2013-05-06,121.06,123.11,121.03,121.22,60.61,5273400
2013-05-07,121.92,123.3,121.35,121.67,60.83,6656200
2013-05-08,121.76,124.1,121.53,122.74,61.37,5723600
2013-05-09,122.27,123.81,121.6,122.71,61.35,4812800
2013-05-10,123.43,127.47,123.24,127.46,63.73,6714200
2013-05-13,126.84,131.13,125.55,129.66,64.83,6848000
2013-05-14,129.66,131.82,129.33,130.17,65.08,7575200
2013-05-15,129.44,131.41,128.35,129.63,64.82,4864800
2013-05-16,128.29,128.83,122.61,123.48,61.74,9907400
2013-05-17,124.56,125.05,120.35,124.91,62.46,8244600
2013-05-20,124.6,125.17,122.55,123.12,61.56,4486800
2013-05-21,123.24,124.37,122.41,123.5,61.75,4803800
2013-05-22,124.11,128.35,122.56,123.44,61.72,8399800
2013-05-23,121.5,124.97,120.55,123.64,61.82,4736600
2013-05-24,122.61,123.71,121.66,122.58,61.29,4573200
2013-05-28,124.52,126.15,123.86,124.59,62.29,4855000
2013-05-29,123.6,124.28,121.57,123.09,61.54,4293400
2013-05-30,122.88,125.42,122.65,124.55,62.28,5101000
2013-05-31,124.51,127.24,123.53,123.65,61.83,10479000
2013-06-03,124.12,124.72,117.07,120.89,60.44,9430400
2013-06-04,120.92,121.44,116.76,117.77,58.88,7382400
2013-06-05,117.03,118.15,111.78,112.2,56.1,10640400
2013-06-06,112.01,115.66,111.5,115.56,57.78,8442600
2013-06-07,116.93,120.58,116.92,120.41,60.21,7099000
2013-06-10,120.91,121.0,117.71,117.83,58.92,4792400
2013-06-11,116.51,119.89,116.02,118.75,59.38,4660600
2013-06-12,122.8,123.45,118.0,118.11,59.06,7596200
2013-06-13,118.98,120.53,117.08,120.26,60.13,4610800
2013-06-14,120.19,121.31,118.47,119.36,59.68,3700200
2013-06-17,120.43,121.27,117.35,117.7,58.85,4440200
2013-06-18,118.28,120.45,117.72,120.24,60.12,3656000
2013-06-19,120.0,120.24,116.83,116.89,58.44,3592000
2013-06-20,115.86,116.31,113.07,113.51,56.76,6500600
2013-06-21,114.22,115.8,111.71,113.89,56.94,10233400
2013-06-24,112.52,114.84,110.53,113.0,56.5,6670000
2013-06-25,114.4,115.0,113.1,114.55,57.28,4213000
2013-06-26,115.83,118.88,115.0,118.13,59.06,5327800
2013-06-27,119.42,119.9,117.63,118.4,59.2,4129800
2013-06-28,117.46,119.47,116.71,116.98,58.49,5437400
2013-07-01,119.3,120.75,118.15,118.91,59.46,4654800
2013-07-02,119.0,121.13,118.93,120.26,60.13,4747200
2013-07-03,119.49,121.99,119.05,120.93,60.47,2462000
2013-07-05,121.61,122.77,121.0,122.48,61.24,2706200
2013-07-08,123.0,124.68,121.3,121.94,60.97,3988000
2013-07-09,123.18,124.88,121.55,124.65,62.33,4385800
2013-07-10,124.67,125.28,123.2,125.08,62.54,3729400
2013-07-11,133.1,136.36,131.67,134.92,67.46,12045000
2013-07-12,134.71,136.36,132.66,134.56,67.28,8025800
2013-07-15,135.19,135.54,133.52,134.94,67.47,4152200
2013-07-16,135.37,135.5,132.75,135.05,67.53,5160800
2013-07-17,135.98,137.8,135.02,136.61,68.31,4322000
2013-07-18,133.03,133.94,130.22,133.05,66.53,11156200
2013-07-19,133.0,136.45,131.91,135.89,67.94,7003400
2013-07-22,138.2,138.67,136.45,138.08,69.04,4466600
2013-07-23,138.5,138.77,135.06,135.08,67.54,4024600
2013-07-24,135.41,136.47,134.3,135.99,68.0,4328800
2013-07-25,139.02,140.79,135.81,140.65,70.32,6111000
2013-07-26,138.7,144.15,138.25,143.94,71.97,7829400
2013-07-29,142.0,143.79,141.62,142.66,71.33,3949600
2013-07-30,143.72,146.22,143.49,145.37,72.68,5733400
2013-07-31,147.1,148.98,145.63,146.86,73.43,6118600
2013-08-01,148.18,149.92,147.19,148.79,74.39,4910800
2013-08-02,148.87,149.0,145.58,147.35,73.68,4660000
2013-08-05,146.89,148.28,146.0,146.83,73.42,3094000
2013-08-06,146.13,146.47,141.0,141.74,70.87,6437400
2013-08-07,141.84,144.11,139.43,142.65,71.32,5624200
2013-08-08,143.99,144.3,141.81,142.0,71.0,3665000
2013-08-09,141.71,144.21,141.41,142.07,71.04,2267000
2013-08-12,141.44,142.07,139.66,140.83,70.42,2440400
2013-08-13,141.03,141.2,136.74,137.65,68.82,5837200
2013-08-14,138.45,139.67,137.23,137.38,68.69,2724400
2013-08-15,135.62,136.04,132.75,133.51,66.75,4826400
2013-08-16,132.87,134.45,131.52,132.49,66.25,4989600
2013-08-19,132.11,135.75,132.11,132.44,66.22,3530200
2013-08-20,132.97,136.85,132.57,135.74,67.87,4352600
2013-08-21,135.04,139.77,134.74,137.57,68.79,5340000
2013-08-22,137.96,139.0,136.65,137.91,68.96,2545800
2013-08-23,138.62,139.39,137.13,138.27,69.14,3363200
2013-08-26,138.71,142.97,137.66,141.16,70.58,5140000
2013-08-27,139.36,139.93,136.6,136.96,68.48,5302000
2013-08-28,136.79,139.82,135.51,139.1,69.55,5303800
2013-08-29,138.57,143.0,138.0,142.58,71.29,4882600
2013-08-30,143.0,143.0,139.28,139.98,69.99,4340000
2013-09-03,141.77,144.73,141.42,143.01,71.5,4797600
2013-09-04,143.37,146.21,142.15,146.07,73.04,5377200
2013-09-05,146.23,147.76,145.01,145.59,72.79,4272000
2013-09-06,146.25,148.39,143.27,146.97,73.49,6444200
2013-09-09,147.06,148.72,147.06,148.47,74.24,4869600
2013-09-10,150.29,151.0,147.82,148.74,74.37,3923400
2013-09-11,149.41,149.56,146.9,149.56,74.78,3631000
2013-09-12,149.0,150.93,148.0,149.64,74.82,3396200
2013-09-13,149.59,149.75,147.58,149.48,74.74,2972000
2013-09-16,150.8,151.2,147.37,148.04,74.02,5268400
2013-09-17,148.16,148.54,145.5,147.04,73.52,5304200
2013-09-18,146.91,150.15,145.77,148.67,74.33,6865400
2013-09-19,149.5,149.79,146.77,148.52,74.26,4687600
2013-09-20,149.0,151.95,148.11,149.86,74.93,12962800
2013-09-23,149.34,149.83,145.45,146.78,73.39,4840800
2013-09-24,146.63,147.68,144.01,146.44,73.22,5924200
2013-09-25,147.24,148.02,145.55,145.56,72.78,3898000
2013-09-26,146.14,150.05,146.02,149.89,74.94,5928600
2013-09-27,148.34,154.99,147.95,154.61,77.31,8388800
2013-09-30,152.37,156.04,151.77,154.14,77.07,7226600
2013-10-01,154.7,157.21,153.59,157.2,78.6,5331200
2013-10-02,155.75,157.5,155.0,155.93,77.96,3595800
2013-10-03,155.5,155.95,150.46,152.62,76.31,5597400
2013-10-04,152.88,157.95,152.88,157.27,78.64,5451000
2013-10-07,155.25,157.11,153.74,153.87,76.93,5739600
2013-10-08,154.47,155.24,148.24,148.53,74.26,7739800
2013-10-09,148.92,150.32,143.13,146.87,73.43,10726400
2013-10-10,150.17,153.05,149.93,152.55,76.28,5904000
2013-10-11,152.4,154.78,151.55,153.17,76.58,4113600
2013-10-14,151.67,154.45,150.52,154.34,77.17,3720400
2013-10-15,153.64,156.99,153.62,155.25,77.62,5007600
2013-10-16,156.06,158.44,156.0,158.33,79.17,4974200
2013-10-17,158.0,160.0,157.13,160.0,80.0,4443000
2013-10-18,158.65,160.58,158.33,160.55,80.28,7098400
2013-10-21,161.49,161.64,158.25,159.23,79.61,3898400
2013-10-22,160.0,161.24,157.45,160.84,80.42,4632000
2013-10-23,159.46,160.67,157.16,160.0,80.0,4763800
2013-10-24,158.89,160.0,156.04,157.96,78.98,7671600
2013-10-25,157.67,159.29,154.6,155.74,77.87,6450400
2013-10-28,156.0,157.56,155.16,156.23,78.11,5067200
2013-10-29,156.77,157.19,154.15,155.31,77.65,4970000
2013-10-30,155.9,157.0,150.31,151.32,75.66,6493200
2013-10-31,151.79,152.93,147.23,148.49,74.25,6581200
2013-11-01,149.27,151.45,149.06,151.31,75.65,4730200
2013-11-04,151.94,152.89,150.26,150.72,75.36,4761000
2013-11-05,149.63,152.19,148.6,150.74,75.37,4742400
2013-11-06,151.04,151.99,144.37,144.49,72.25,10130400
2013-11-07,147.09,149.68,142.1,144.99,72.5,11358400
2013-11-08,145.89,149.97,145.23,148.92,74.46,6421600
2013-11-11,149.0,149.97,147.4,148.48,74.24,3641000
2013-11-12,147.74,149.5,146.52,149.41,74.71,5173400
2013-11-13,147.37,149.94,147.11,149.28,74.64,6963200
2013-11-14,149.29,150.74,148.53,150.0,75.0,4821800
2013-11-15,149.9,151.45,148.09,151.11,75.56,5087800
2013-11-18,151.49,155.25,151.21,152.98,76.49,6488200
2013-11-19,153.43,154.6,152.18,154.44,77.22,6310600
2013-11-20,154.64,157.09,154.14,155.53,77.76,4673000
2013-11-21,156.18,159.43,156.0,158.61,79.31,5382800
2013-11-22,161.0,164.0,160.45,163.33,81.67,7240800
2013-11-25,164.73,165.74,162.63,163.96,81.98,6611800
2013-11-26,164.68,164.92,162.15,163.43,81.71,5218000
2013-11-27,163.72,163.95,160.71,161.52,80.76,3968200
2013-11-29,161.83,162.57,161.58,161.77,80.89,2157800
2013-12-02,161.87,163.18,160.31,163.11,81.56,3663000
2013-12-03,161.7,162.68,159.59,159.93,79.96,4822600
2013-12-04,159.5,161.45,158.05,160.07,80.04,3588200
2013-12-05,163.32,166.0,162.26,164.51,82.25,6561600
2013-12-06,167.18,167.25,163.94,166.43,83.21,5094000
2013-12-09,170.47,173.8,168.57,170.01,85.0,10049000
2013-12-10,170.53,172.95,168.24,170.77,85.39,6800600
2013-12-11,169.28,170.49,165.71,166.05,83.03,6152800
2013-12-12,165.36,168.32,165.0,165.52,82.76,4248800
2013-12-13,166.81,166.85,164.0,164.9,82.45,5404000
2013-12-16,166.0,167.79,163.29,163.38,81.69,4915400
2013-12-17,164.04,164.17,160.0,160.79,80.39,5242400
2013-12-18,161.03,162.49,157.18,162.48,81.24,7033000
2013-12-19,162.19,164.3,162.0,164.02,82.01,4332800
2013-12-20,164.7,168.0,164.61,167.48,83.74,7287000
2013-12-23,168.76,169.7,167.0,168.35,84.18,3496000
2013-12-24,167.69,168.34,166.05,167.42,83.71,1640400
2013-12-26,167.39,169.84,167.38,169.14,84.57,2438800
2013-12-27,169.21,170.47,168.3,168.93,84.46,2514800
2013-12-30,168.89,169.95,168.0,168.98,84.49,2481800
2013-12-31,168.78,170.09,167.81,168.97,84.49,2980800
2014-01-02,169.01,172.34,168.17,171.94,85.97,4755400
2014-01-03,171.49,171.79,169.3,169.81,84.9,3179600
2014-01-06,165.89,166.85,160.5,162.62,81.31,9219200
2014-01-07,164.94,166.82,164.33,164.61,82.31,5670000
2014-01-08,164.9,168.55,164.04,167.46,83.73,5318000
2014-01-09,168.67,171.0,167.3,168.7,84.35,3592000
2014-01-10,168.75,169.86,164.54,169.81,84.9,5568000
2014-01-13,170.47,174.66,163.03,164.9,82.45,15715000
2014-01-14,165.34,167.63,162.7,167.04,83.52,7789800
2014-01-15,167.8,168.0,164.95,165.35,82.68,5627400
2014-01-16,165.05,167.61,165.0,167.6,83.8,4547400
2014-01-17,165.27,168.4,165.27,167.04,83.52,6706200
2014-01-21,168.07,168.74,165.7,168.55,84.28,4817000
2014-01-22,169.2,170.88,167.85,169.98,84.99,5322400
2014-01-23,168.94,169.8,166.78,168.55,84.28,5646600
2014-01-24,167.0,167.39,161.11,161.22,80.61,7898000
2014-01-27,160.72,161.0,154.18,156.27,78.14,10701800
2014-01-28,157.01,160.57,157.01,159.98,79.99,7347800
2014-01-29,158.4,161.19,156.28,158.46,79.23,5536200
2014-01-30,160.15,160.83,150.11,153.98,76.99,13670400
2014-01-31,150.8,153.77,147.83,151.93,75.96,10440200
2014-02-03,151.81,154.35,147.77,148.6,74.3,9416200
2014-02-04,149.08,153.21,148.86,151.51,75.75,7336600
2014-02-05,150.92,152.89,148.18,150.85,75.43,8126600
2014-02-06,151.19,152.8,149.03,149.91,74.96,7362600
2014-02-07,150.65,157.18,150.0,156.88,78.44,7786600
2014-02-10,157.01,157.83,155.64,156.62,78.31,4792600
2014-02-11,157.03,160.39,156.25,159.91,79.96,7315000
2014-02-12,160.5,163.14,159.85,160.54,80.27,5913800
2014-02-13,160.0,165.6,160.0,164.74,82.37,7244600
2014-02-14,165.42,167.26,163.23,163.93,81.96,5545000
2014-02-18,163.82,166.0,163.82,165.84,82.92,4420000
2014-02-19,165.1,166.45,162.66,163.0,81.5,4787200
2014-02-20,163.44,163.79,160.6,163.58,81.79,4712800
2014-02-21,163.93,164.74,160.23,160.97,80.49,7119800
2014-02-24,161.59,164.99,161.39,164.09,82.04,5742000
2014-02-25,164.0,165.75,162.98,164.34,82.17,4166000
2014-02-26,163.96,165.01,159.35,159.98,79.99,6910000
2014-02-27,160.36,162.06,158.64,161.67,80.83,5429200
2014-02-28,162.55,164.45,159.0,160.75,80.38,6542000
2014-03-03,159.05,161.55,158.63,160.28,80.14,4379000
2014-03-04,161.9,162.85,161.64,161.83,80.92,4215400
2014-03-05,162.55,163.77,161.3,163.24,81.62,5620800
2014-03-06,164.28,165.21,155.78,156.61,78.31,10873800
2014-03-07,158.12,158.5,151.58,156.56,78.28,11705200
2014-03-10,155.46,158.56,154.37,158.42,79.21,5421000
2014-03-11,159.25,161.11,157.64,158.39,79.19,5872600
2014-03-12,157.02,159.88,156.75,157.92,78.96,5406800
2014-03-13,158.07,159.95,154.77,156.0,78.0,5820600
2014-03-14,154.28,155.28,147.65,149.41,74.71,16805000
2014-03-17,150.82,153.69,149.85,150.23,75.11,6408800
2014-03-18,149.94,154.0,149.89,153.69,76.85,5602400
2014-03-19,155.99,155.99,150.11,150.84,75.42,5718000
2014-03-20,151.68,152.34,149.35,150.01,75.0,5379000
2014-03-21,151.27,151.49,143.1,144.4,72.2,18991600
2014-03-24,145.2,145.63,139.01,141.48,70.74,12697800
2014-03-25,142.39,146.64,142.07,144.5,72.25,8576600
2014-03-26,145.72,146.77,142.58,142.61,71.31,8873400
2014-03-27,142.0,143.68,139.7,142.22,71.11,8529200
2014-03-28,141.98,144.18,139.05,139.29,69.64,7555000
2014-03-31,140.21,141.68,139.25,139.6,69.8,8216000
2014-04-01,142.0,147.17,142.0,146.6,73.3,9888600
2014-04-02,147.51,149.69,145.33,147.42,73.71,9010400
2014-04-03,147.51,147.71,142.12,143.6,71.8,8227600
2014-04-04,143.99,144.89,136.65,137.38,68.69,9987200
2014-04-07,136.6,140.68,135.5,139.16,69.58,13589400
2014-04-08,139.22,140.21,136.01,138.22,69.11,8226400
2014-04-09,140.01,147.61,139.67,147.32,73.66,11922400
2014-04-10,147.71,147.93,138.43,139.98,69.99,11942600
2014-04-11,136.92,142.7,135.6,136.9,68.45,9330200
2014-04-14,138.46,141.2,135.3,138.06,69.03,6212800
2014-04-15,139.03,140.95,133.7,139.84,69.92,8428200
2014-04-16,141.36,143.72,139.44,141.86,70.93,7641000
2014-04-17,141.98,144.07,140.29,141.51,70.75,5949000
2014-04-21,142.23,143.99,140.75,143.83,71.92,4281800
2014-04-22,144.7,147.5,144.1,146.64,73.32,6404600
2014-04-23,148.09,148.09,144.08,144.82,72.41,6819000
2014-04-24,142.0,142.49,136.75,141.25,70.62,8824000
2014-04-25,141.26,144.72,141.1,142.06,71.03,8324400
2014-04-28,143.13,144.95,139.76,142.77,71.39,6708800
2014-04-29,143.39,148.0,142.1,146.7,73.35,7653400
2014-04-30,146.01,147.21,144.05,147.01,73.5,5291400
2014-05-01,147.25,149.9,145.84,148.8,74.4,5051800
2014-05-02,149.57,149.57,146.23,147.4,73.7,5285200
2014-05-05,146.39,148.72,143.85,148.36,74.18,4489600
2014-05-06,147.91,148.56,146.52,146.7,73.35,4815200
2014-05-07,146.29,147.99,143.65,145.25,72.62,5403800
2014-05-08,144.97,147.77,143.94,144.12,72.06,5210600
2014-05-09,144.21,146.85,142.63,146.67,73.33,4271400
2014-05-12,147.11,151.0,145.7,150.53,75.26,6371400
2014-05-13,150.82,152.2,149.69,149.88,74.94,4885200
2014-05-14,149.5,152.88,148.25,151.75,75.88,5279200
2014-05-15,151.89,152.78,148.0,148.85,74.43,5968400
2014-05-16,148.96,150.2,145.3,147.32,73.66,5726200
2014-05-19,146.08,148.35,145.7,147.38,73.69,4047600
2014-05-20,147.75,149.5,146.79,147.65,73.82,4291000
2014-05-21,148.02,149.6,147.19,148.14,74.07,3169200
2014-05-22,148.0,151.78,148.0,150.46,75.23,4008800
2014-05-23,151.15,151.2,149.03,150.13,75.07,3127800
2014-05-27,151.0,155.24,150.01,155.13,77.57,8536800
2014-05-28,155.45,155.88,153.99,154.3,77.15,5161000
2014-05-29,152.0,153.55,151.24,153.26,76.63,5047000
2014-05-30,153.7,153.92,151.75,153.03,76.51,4307000
2014-06-02,152.57,154.93,152.06,154.87,77.43,3739200
2014-06-03,153.9,155.71,153.8,155.51,77.75,3730000
2014-06-04,155.31,159.23,154.22,158.82,79.41,5528200
2014-06-05,160.0,162.09,158.11,161.72,80.86,6809400
2014-06-06,162.99,163.0,160.0,161.31,80.65,4047000
2014-06-09,161.93,162.66,160.95,161.74,80.87,3483600
2014-06-10,160.72,163.5,160.72,162.65,81.32,4265000
2014-06-11,161.41,162.74,159.91,161.11,80.56,3818800
2014-06-12,161.18,161.31,159.54,160.22,80.11,3338200
2014-06-13,160.76,161.0,159.2,159.99,80.0,2918200
2014-06-16,160.11,162.0,159.5,161.07,80.54,3377600
2014-06-17,160.53,162.0,159.6,159.87,79.93,3220000
2014-06-18,160.48,161.2,158.83,161.07,80.54,3316600
2014-06-19,163.21,168.49,163.21,168.31,84.15,8656800
2014-06-20,169.7,172.4,166.32,171.46,85.73,11713600
2014-06-23,171.13,173.98,168.63,170.99,85.5,4795200
2014-06-24,171.53,172.71,170.36,171.42,85.71,4978600
2014-06-25,171.23,174.74,170.42,172.92,86.46,5991400
2014-06-26,86.69,86.93,84.57,86.62,86.62,3182300
2014-06-27,86.9,86.9,85.82,86.8,86.8,5491900
2014-06-30,86.13,86.67,85.69,85.88,85.88,4201500
2014-07-01,86.45,88.67,86.3,88.5,88.5,4904700
2014-07-02,88.88,90.13,88.5,90.07,90.07,5939700
2014-07-03,90.18,90.5,88.97,90.19,90.19,4354000
2014-07-07,89.77,90.38,88.64,88.86,88.86,3934500
2014-07-08,88.44,88.59,85.25,85.72,85.72,7949100
2014-07-09,84.39,87.91,83.98,87.52,87.52,7597500
2014-07-10,86.02,88.8,85.85,87.83,87.83,3814000
2014-07-11,88.2,89.3,87.1,89.19,89.19,3698900
2014-07-14,89.68,89.68,88.11,88.37,88.37,5183700
2014-07-15,88.08,88.98,86.6,86.78,86.78,4675000
2014-07-16,87.43,87.43,85.6,86.05,86.05,4444400
2014-07-17,85.45,86.19,82.9,83.13,83.13,5368000
2014-07-18,83.81,85.52,83.13,85.06,85.06,4877700
2014-07-21,84.81,85.59,84.48,85.31,85.31,2925500
2014-07-22,86.18,87.12,85.87,86.66,86.66,3518200
2014-07-23,88.5,89.17,87.8,89.12,89.12,5265000
2014-07-24,87.26,87.76,84.25,86.19,86.19,8675100
2014-07-25,86.26,87.46,85.88,87.16,87.16,3539800
2014-07-28,86.93,88.09,86.14,87.64,87.64,3577300
2014-07-29,87.72,88.52,87.15,87.73,87.73,3846000
2014-07-30,88.57,89.76,88.27,88.34,88.34,4820400
2014-07-31,87.87,88.41,86.85,87.15,87.15,5048500
2014-08-01,86.61,87.85,86.2,86.65,86.65,5098200
2014-08-04,87.19,88.4,86.72,87.46,87.46,3812900
2014-08-05,86.41,87.7,85.97,86.57,86.57,3903000
2014-08-06,85.99,87.24,85.14,86.13,86.13,2713500
2014-08-07,85.74,86.48,84.85,85.22,85.22,3829700
2014-08-08,85.21,86.68,85.15,86.51,86.51,2984000
2014-08-11,86.57,87.51,86.13,86.88,86.88,2653500
2014-08-12,86.55,86.87,85.71,86.45,86.45,2945100
2014-08-13,86.63,88.76,86.56,88.41,88.41,3776600
2014-08-14,88.46,89.66,88.11,88.46,88.46,4140000
2014-08-15,89.59,90.2,88.57,89.61,89.61,4363500
2014-08-18,90.12,92.07,90.05,91.31,91.31,5314700
2014-08-19,92.19,92.28,91.3,91.36,91.36,4053300
2014-08-20,91.33,93.35,91.11,92.0,92.0,4509500
2014-08-21,92.02,92.64,91.46,91.66,91.66,3175000
2014-08-22,91.49,91.99,90.93,91.62,91.62,2631400
2014-08-25,92.49,93.86,92.12,93.4,93.4,3589300
2014-08-26,94.86,95.84,93.67,95.66,95.66,5680700
2014-08-27,95.91,96.15,94.52,94.74,94.74,5649100
2014-08-28,94.0,95.25,93.75,94.7,94.7,2731400
2014-08-29,95.28,95.29,94.26,95.02,95.02,2783400
2014-09-02,95.5,96.44,94.7,95.09,95.09,3485300
2014-09-03,95.89,95.89,94.5,94.94,94.94,2615800
2014-09-04,95.23,95.39,93.7,93.93,93.93,3321800
2014-09-05,94.48,94.48,91.75,93.79,93.79,4116600
2014-09-08,93.55,94.26,92.75,94.03,94.03,3258700
2014-09-09,93.72,94.0,92.55,92.93,92.93,3595100
2014-09-10,92.56,94.21,92.52,94.09,94.09,2671400
2014-09-11,93.68,93.95,90.9,91.96,91.96,5857700
2014-09-12,92.2,92.65,90.72,91.52,91.52,3448100
2014-09-15,91.0,91.05,88.22,89.46,89.46,4912900
2014-09-16,89.65,92.8,89.01,92.57,92.57,5012700
2014-09-17,92.81,93.33,91.36,92.26,92.26,4752300
2014-09-18,92.98,93.33,92.17,93.27,93.27,2719900
2014-09-19,94.45,94.96,93.34,93.85,93.85,6051000
2014-09-22,93.26,93.45,91.37,92.19,92.19,3590000
2014-09-23,91.8,93.6,91.62,93.12,93.12,4185800
2014-09-24,94.12,96.3,93.88,96.21,96.21,5863600
2014-09-25,96.21,96.5,92.91,93.16,93.16,6367800
2014-09-26,93.97,94.66,92.8,94.46,94.46,4641200
2014-09-29,93.47,95.75,93.05,95.64,95.64,4875900
2014-09-30,95.39,96.0,93.73,94.78,94.78,4362000
2014-10-01,95.24,95.39,92.79,93.43,93.43,4329700
2014-10-02,92.93,93.64,91.5,92.81,92.81,4075600
2014-10-03,93.5,95.61,93.37,95.21,95.21,4484400
2014-10-06,95.85,95.85,93.64,94.5,94.5,2997600
2014-10-07,94.16,94.45,92.17,92.45,92.45,3558000
2014-10-08,92.37,95.24,91.54,94.89,94.89,4715000
2014-10-09,94.77,94.81,91.85,92.38,92.38,5171700
2014-10-10,92.06,93.85,90.87,90.93,90.93,4808800
2014-10-13,90.73,90.89,86.55,87.48,87.48,6677600
2014-10-14,88.01,88.99,85.62,86.48,86.48,6493900
2014-10-15,84.67,86.67,83.16,86.55,86.55,8136400
2014-10-16,84.54,87.57,84.01,86.38,86.38,5615600
2014-10-17,87.66,89.53,87.12,88.12,88.12,6405500
2014-10-20,88.84,92.55,88.57,92.0,92.0,7972800
2014-10-21,93.49,95.9,93.22,94.97,94.97,9981000
2014-10-22,94.93,96.85,93.82,94.76,94.76,8707400
2014-10-23,95.98,100.91,95.6,100.4,100.4,9673600
2014-10-24,99.55,103.31,99.21,103.24,103.24,9130100
2014-10-27,102.9,103.91,101.99,103.1,103.1,6121400
2014-10-28,104.11,106.07,104.06,105.7,105.7,6596500
2014-10-29,105.32,106.28,104.02,105.14,105.14,5588200
2014-10-30,104.7,107.35,104.18,106.94,106.94,5766300
2014-10-31,108.74,109.25,106.67,107.09,107.09,5797700
2014-11-03,106.53,107.57,106.05,107.41,107.41,5246900
2014-11-04,106.65,107.0,105.04,105.75,105.75,5134700
2014-11-05,107.2,107.74,104.5,105.15,105.15,4487500
2014-11-06,105.7,107.22,105.23,107.14,107.14,4077800
2014-11-07,107.44,107.5,105.31,106.45,106.45,4714300
2014-11-10,106.78,108.25,106.0,108.01,108.01,3502600
2014-11-11,108.0,108.78,107.4,107.85,107.85,3361300
2014-11-12,108.01,108.5,106.73,108.25,108.25,3440800
2014-11-13,108.28,109.17,106.54,107.43,107.43,3268100
2014-11-14,107.65,107.65,102.13,104.05,104.05,7860800
2014-11-17,103.27,105.64,103.26,104.36,104.36,3243500
2014-11-18,104.68,107.03,104.28,106.78,106.78,3254400
2014-11-19,106.42,107.71,105.5,106.98,106.98,2914500
2014-11-20,105.76,107.92,105.6,107.35,107.35,3862700
2014-11-21,108.25,109.21,107.89,108.2,108.2,3973300
2014-11-24,108.89,111.0,108.5,110.98,110.98,4122700
2014-11-25,111.31,111.97,110.09,111.07,111.07,4006200
2014-11-26,111.46,112.82,109.2,112.61,112.61,3269800
2014-11-28,113.45,114.5,112.8,113.69,113.69,2544000
2014-12-01,113.71,114.84,112.5,113.43,113.43,4438100
2014-12-02,114.0,116.65,113.69,115.2,115.2,4966500
2014-12-03,115.92,116.23,113.76,114.23,114.23,3567400
2014-12-04,113.79,114.63,112.93,113.63,113.63,3101900
2014-12-05,113.99,114.51,113.5,114.13,114.13,2521100
2014-12-08,116.76,119.84,115.46,118.19,118.19,8278900
2014-12-09,116.37,119.17,115.65,118.68,118.68,5002700
2014-12-10,117.98,118.68,115.1,115.64,115.64,5267600
2014-12-11,116.61,118.61,116.33,116.74,116.74,4103200
2014-12-12,114.09,117.06,114.02,114.49,114.49,4389100
2014-12-15,116.0,116.0,110.78,111.88,111.88,6268000
2014-12-16,110.0,113.59,108.26,110.09,110.09,7035900
2014-12-17,110.21,113.11,109.16,112.82,112.82,4870100
2014-12-18,115.2,116.5,114.56,116.48,116.48,6100900
2014-12-19,117.74,118.73,115.46,117.18,117.18,11294300
2014-12-22,112.65,116.23,110.39,113.5,113.5,7889400
2014-12-23,112.94,113.11,103.69,106.12,106.12,17806700
2014-12-24,105.63,111.51,105.42,109.6,109.6,6559000
2014-12-26,111.16,113.91,110.56,113.35,113.35,4664300
2014-12-29,113.61,114.65,112.5,114.47,114.47,3592800
2014-12-30,114.19,114.34,112.76,113.54,113.54,3481100
2014-12-31,114.49,114.81,111.51,111.86,111.86,3434000
2015-01-02,112.88,114.57,112.54,113.52,113.52,3822000
2015-01-05,113.1,114.0,111.66,111.93,111.93,4492700
2015-01-06,112.49,113.5,109.46,110.51,110.51,5638500
2015-01-07,111.52,114.91,111.3,114.55,114.55,4506700
2015-01-08,116.67,117.45,114.59,115.05,115.05,5978300
2015-01-09,115.28,115.5,111.93,113.67,113.67,5108600
2015-01-12,115.07,118.34,114.03,117.0,117.0,9363800
2015-01-13,118.55,123.81,118.18,119.98,119.98,11187100
2015-01-14,118.25,121.98,118.1,121.1,121.1,5806500
2015-01-15,122.17,122.55,117.62,118.27,118.27,5811400
2015-01-16,118.62,122.0,118.33,121.81,121.81,5314500
2015-01-20,122.75,123.54,120.54,123.25,123.25,4712300
2015-01-21,121.76,123.38,120.95,122.22,122.22,4195700
2015-01-22,122.65,123.87,120.5,123.71,123.71,4217700
2015-01-23,124.0,124.38,122.36,123.89,123.89,3510100
2015-01-26,123.55,124.6,122.54,124.12,124.12,3788700
2015-01-27,123.01,124.57,122.04,122.36,122.36,3475400
2015-01-28,122.53,123.94,118.86,118.97,118.97,6685200
2015-01-29,119.58,121.09,116.55,120.87,120.87,4928000
2015-01-30,119.49,124.29,118.89,119.16,119.16,8129100
2015-02-02,119.57,120.35,116.5,118.57,118.57,5054000
2015-02-03,119.64,119.75,114.46,117.6,117.6,7146700
2015-02-04,115.65,117.55,112.78,116.57,116.57,7048200
2015-02-05,117.05,120.58,117.05,120.02,120.02,4595100
2015-02-06,120.04,121.75,118.22,118.75,118.75,4230100
2015-02-09,118.46,119.48,117.49,118.12,118.12,3578000
2015-02-10,119.03,120.79,118.63,120.16,120.16,3930200
2015-02-11,119.83,120.73,117.28,118.38,118.38,6553500
2015-02-12,119.2,119.22,114.76,115.72,115.72,9808800
2015-02-13,116.32,116.45,113.52,115.88,115.88,7604800
2015-02-17,115.76,117.0,115.5,116.32,116.32,4902900
2015-02-18,116.78,118.5,116.69,118.41,118.41,5466700
2015-02-19,118.33,120.94,118.33,120.21,120.21,4691000
2015-02-20,121.31,124.0,121.0,123.43,123.43,7865000
2015-02-23,124.0,125.45,123.3,123.82,123.82,5034700
2015-02-24,124.17,124.38,121.8,123.18,123.18,3045700
2015-02-25,123.46,123.98,122.02,123.1,123.1,3307800
2015-02-26,123.28,123.82,121.7,123.35,123.35,3336100
2015-02-27,122.81,123.14,120.77,121.53,121.53,4289000
2015-03-02,122.59,122.78,120.2,120.31,120.31,5197900
2015-03-03,120.0,120.19,116.34,118.47,118.47,6360700
2015-03-04,117.41,120.46,116.53,119.57,119.57,3888100
2015-03-05,120.48,121.76,119.76,120.71,120.71,3583200
2015-03-06,120.03,120.29,117.92,118.03,118.03,4009500
2015-03-09,118.12,118.96,117.18,118.41,118.41,3449000
2015-03-10,117.5,119.9,117.35,118.33,118.33,4874800
2015-03-11,119.01,119.06,115.27,117.58,117.58,3729800
2015-03-12,118.18,119.07,117.52,118.82,118.82,3086700
2015-03-13,118.29,120.37,116.9,117.73,117.73,3520200
2015-03-16,118.8,120.98,118.77,120.84,120.84,5017300
2015-03-17,120.05,121.33,119.67,121.03,121.03,3026800
2015-03-18,121.17,123.69,120.21,122.68,122.68,4444700
2015-03-19,123.8,125.58,123.65,125.33,125.33,6013400
2015-03-20,127.81,129.06,124.51,128.5,128.5,14736200
2015-03-23,126.45,126.5,122.62,122.94,122.94,9948500
2015-03-24,123.23,124.5,121.78,122.15,122.15,4809000
2015-03-25,122.13,123.37,116.77,116.99,116.99,8364000
2015-03-26,115.28,119.39,114.02,117.66,117.66,8114100
2015-03-27,118.11,120.0,118.02,118.68,118.68,5504600
2015-03-30,119.64,120.5,118.96,120.02,120.02,5201000
2015-03-31,118.88,119.28,114.97,115.28,115.28,11311500
2015-04-01,114.88,115.65,111.7,114.57,114.57,10636500
2015-04-02,115.0,115.56,113.75,114.31,114.31,4848500
2015-04-06,113.64,115.14,112.76,112.97,112.97,4763300
2015-04-07,113.09,115.49,112.5,112.72,112.72,5828000
2015-04-08,113.05,116.59,113.01,115.15,115.15,6253200
2015-04-09,115.37,116.6,114.33,115.58,115.58,4037400
2015-04-10,116.08,117.5,115.5,117.07,117.07,4504200
2015-04-13,116.99,118.22,116.37,116.44,116.44,2978700
2015-04-14,116.52,117.28,115.06,115.78,115.78,4217700
2015-04-15,115.93,118.61,115.84,118.23,118.23,5953400
2015-04-16,117.62,118.45,115.89,116.36,116.36,4334100
2015-04-17,115.01,115.61,113.1,113.47,113.47,6392100
2015-04-20,114.4,114.77,113.03,114.75,114.75,4462000
2015-04-21,115.32,116.25,114.52,114.82,114.82,3672600
2015-04-22,115.6,116.05,114.3,115.54,115.54,3133400
2015-04-23,115.0,116.57,114.68,116.09,116.09,3240800
2015-04-24,115.94,120.72,115.27,118.71,118.71,7648300
2015-04-27,119.2,119.38,114.31,114.72,114.72,6803200
2015-04-28,115.01,115.64,111.81,113.52,113.52,5606200
2015-04-29,112.94,114.4,111.83,113.2,113.2,6072700
2015-04-30,109.5,110.94,107.02,108.06,108.06,12895900
2015-05-01,108.06,112.0,108.02,110.55,110.55,6579000
2015-05-04,111.08,112.6,109.8,109.9,109.9,4873300
2015-05-05,109.37,109.77,107.09,107.54,107.54,5000700
2015-05-06,108.49,108.99,106.45,108.65,108.65,5547100
2015-05-07,109.59,114.29,109.25,112.01,112.01,9121400
2015-05-08,113.66,114.66,111.73,113.21,113.21,6043900
2015-05-11,113.93,114.44,113.02,113.4,113.4,2884300
2015-05-12,112.27,114.25,110.83,113.58,113.58,4819700
2015-05-13,114.11,115.1,112.61,113.4,113.4,4316700
2015-05-14,114.26,115.4,112.67,115.08,115.08,3817200
2015-05-15,115.2,115.95,114.76,115.53,115.53,3301800
2015-05-18,114.76,117.0,114.66,116.37,116.37,3628400
2015-05-19,116.39,117.65,116.31,116.85,116.85,3275900
2015-05-20,117.03,117.72,115.55,116.86,116.86,3108600
2015-05-21,116.4,117.48,115.95,116.2,116.2,3923800
2015-05-22,115.5,116.54,114.92,116.09,116.09,2649800
2015-05-26,115.56,115.87,113.82,114.46,114.46,2730300
2015-05-27,114.65,116.29,113.96,116.02,116.02,2990600
2015-05-28,115.84,116.23,114.35,114.93,114.93,2807500
2015-05-29,114.87,116.0,114.0,114.44,114.44,4333100
2015-06-01,115.01,116.02,112.75,114.45,114.45,4549400
2015-06-02,113.86,114.92,113.13,113.88,113.88,2993800
2015-06-03,114.01,114.46,112.32,112.68,112.68,4297100
2015-06-04,112.24,112.8,109.92,110.92,110.92,5434600
2015-06-05,110.92,111.0,109.53,110.72,110.72,4776200
2015-06-08,111.01,113.09,110.67,110.81,110.81,5271500
2015-06-09,110.239998,111.0,109.040001,110.720001,110.720001,3534900
2015-06-10,110.75,112.889999,109.760002,112.059998,112.059998,4096900
2015-06-11,112.360001,113.300003,112.25,112.970001,112.970001,3187500
2015-06-12,112.32,112.970001,110.879997,111.32,111.32,2960300
2015-06-15,110.419998,111.349998,109.339996,111.0,111.0,2892200
2015-06-16,111.040001,111.75,110.389999,111.110001,111.110001,2275900
2015-06-17,112.620003,113.059998,111.25,112.160004,112.160004,3494000
2015-06-18,112.459999,117.080002,112.25,116.919998,116.919998,6923100
2015-06-19,117.199997,118.089996,116.150002,117.220001,117.220001,7184300
2015-06-22,118.5,120.239998,118.360001,119.529999,119.529999,4643100
2015-06-23,119.489998,121.470001,119.470001,120.339996,120.339996,4155500
2015-06-24,120.07,120.839996,118.489998,119.099998,119.099998,3757200
2015-06-25,119.800003,120.449997,118.57,118.809998,118.809998,2952000
2015-06-26,119.0,119.489998,116.800003,117.919998,117.919998,3137800
2015-06-29,116.120003,117.790001,114.790001,114.910004,114.910004,3970500
2015-06-30,115.300003,116.489998,114.099998,115.739998,115.739998,4913700
2015-07-01,117.040001,118.25,116.709999,118.220001,118.220001,4328500
2015-07-02,118.559998,119.889999,118.519997,119.519997,119.519997,4282500
2015-07-06,118.419998,120.339996,117.900002,118.82,118.82,3525400
2015-07-07,119.68,119.68,116.870003,119.279999,119.279999,3504000
2015-07-08,118.639999,118.769997,115.419998,115.910004,115.910004,3805200
2015-07-09,117.449997,117.779999,116.370003,116.870003,116.870003,3175800
2015-07-10,118.190002,119.349998,117.790001,118.839996,118.839996,2980200
2015-07-13,120.0,121.68,119.580002,120.889999,120.889999,3111000
2015-07-14,121.309998,123.269997,120.839996,122.849998,122.849998,3767100
2015-07-15,132.580002,135.979996,130.529999,131.389999,131.389999,21133400
2015-07-16,132.100006,135.550003,131.5,134.720001,134.720001,8402800
2015-07-17,134.410004,134.710007,132.729996,134.520004,134.520004,4618300
2015-07-20,135.029999,135.5,133.850006,135.229996,135.229996,3377700
2015-07-21,135.220001,137.990005,133.75,136.240005,136.240005,5521900
2015-07-22,135.509995,139.119995,135.190002,138.259995,138.259995,6120300
2015-07-23,137.770004,140.720001,136.5,139.009995,139.009995,5428300
2015-07-24,134.279999,137.539993,133.949997,134.899994,134.899994,7004600
2015-07-27,133.449997,133.449997,131.110001,132.559998,132.559998,6778000
2015-07-28,134.0,136.080002,132.460007,135.419998,135.419998,4536300
2015-07-29,136.330002,136.399994,132.070007,132.139999,132.139999,4844700
2015-07-30,132.309998,132.550003,128.809998,131.880005,131.880005,4769000
2015-07-31,132.830002,133.0,130.770004,131.25,131.25,3546100
2015-08-03,131.850006,132.410004,129.850006,131.470001,131.470001,3050600
2015-08-04,131.639999,132.0,130.029999,131.080002,131.080002,2568000
2015-08-05,132.490005,133.589996,132.279999,132.720001,132.720001,3090800
2015-08-06,133.0,133.5,127.82,128.050003,128.050003,4623000
2015-08-07,127.989998,128.789993,125.0,128.600006,128.600006,5620600
2015-08-10,129.850006,131.960007,129.559998,131.229996,131.229996,4084000
2015-08-11,130.440002,131.910004,129.169998,130.660004,130.660004,3243100
2015-08-12,129.729996,131.539993,127.339996,131.029999,131.029999,3478000
2015-08-13,131.449997,132.600006,130.100006,130.300003,130.300003,3237200
2015-08-14,129.570007,130.100006,127.580002,129.240005,129.240005,3398200
2015-08-17,128.600006,131.309998,128.0,131.210007,131.210007,2644100
2015-08-18,131.5,132.0,129.630005,130.199997,130.199997,2559100
2015-08-19,129.460007,129.919998,127.5,129.059998,129.059998,3213700
2015-08-20,127.419998,128.490005,124.82,124.959999,124.959999,5081700
2015-08-21,122.809998,124.910004,118.919998,119.050003,119.050003,7881600
2015-08-24,104.279999,120.199997,92.980003,113.379997,113.379997,11347000
2015-08-25,118.639999,119.5,112.660004,112.699997,112.699997,8276900
2015-08-26,116.5,119.32,112.839996,119.230003,119.230003,6538800
2015-08-27,120.970001,123.330002,119.25,123.040001,123.040001,5763700
2015-08-28,122.379997,124.440002,121.870003,124.040001,124.040001,4594000
2015-08-31,122.849998,123.599998,117.32,118.080002,118.080002,7087000
2015-09-01,114.620003,118.400002,114.620003,115.459999,115.459999,6262400
2015-09-02,117.269997,119.599998,115.709999,119.580002,119.580002,5500500
2015-09-03,120.080002,121.139999,117.089996,117.650002,117.650002,3690100
2015-09-04,115.879997,118.269997,115.480003,117.389999,117.389999,3718500
2015-09-08,120.0,123.150002,118.860001,123.019997,123.019997,4546200
2015-09-09,125.0,125.699997,120.669998,121.059998,121.059998,4642900
2015-09-10,120.669998,123.989998,120.339996,122.970001,122.970001,3788500
2015-09-11,122.589996,123.970001,121.360001,123.970001,123.970001,3161900
2015-09-14,123.980003,124.0,121.029999,122.209999,122.209999,3198900
2015-09-15,122.650002,125.099998,121.650002,124.349998,124.349998,3671100
2015-09-16,124.129997,125.349998,122.410004,123.779999,123.779999,3022500
2015-09-17,124.0,126.980003,122.699997,125.730003,125.730003,4212600
2015-09-18,124.290001,124.699997,122.160004,122.620003,122.620003,7611200
2015-09-21,123.279999,123.970001,117.220001,119.139999,119.139999,7089200
2015-09-22,117.099998,118.0,114.68,117.610001,117.610001,8029200
2015-09-23,117.860001,119.290001,113.5,117.040001,117.040001,3521900
2015-09-24,116.830002,116.919998,112.370003,113.879997,113.879997,7304100
2015-09-25,115.68,115.68,106.93,108.389999,108.389999,10015800
2015-09-28,107.389999,108.629997,103.360001,104.790001,104.790001,11675500
2015-09-29,104.410004,108.309998,103.269997,105.339996,105.339996,9364300
2015-09-30,107.730003,109.510002,105.800003,108.169998,108.169998,8743300
2015-10-01,110.43,113.080002,107.510002,112.860001,112.860001,9390800
2015-10-02,110.610001,116.5,109.800003,116.440002,116.440002,8395900
2015-10-05,117.900002,118.410004,114.730003,116.620003,116.620003,6387500
2015-10-06,115.870003,115.93,108.660004,112.190002,112.190002,8376900
2015-10-07,112.809998,118.5,110.879997,116.980003,116.980003,8125200
2015-10-08,116.360001,118.650002,113.099998,117.970001,117.970001,4591600
2015-10-09,117.620003,118.5,115.800003,117.379997,117.379997,5043500
2015-10-12,118.559998,118.879997,116.089996,117.599998,117.599998,3270800
2015-10-13,116.580002,118.269997,113.599998,113.769997,113.769997,4325400
2015-10-14,114.690002,116.440002,112.639999,113.730003,113.730003,4150400
2015-10-15,113.209999,117.599998,112.25,117.529999,117.529999,4526300
2015-10-16,118.18,118.639999,115.980003,117.879997,117.879997,4362800
2015-10-19,117.459999,120.269997,116.660004,119.410004,119.410004,4711500
2015-10-20,119.32,120.510002,115.910004,116.239998,116.239998,4245700
2015-10-21,117.93,118.040001,113.07,115.919998,115.919998,4965400
2015-10-22,116.519997,118.050003,114.230003,117.260002,117.260002,4462400
2015-10-23,118.389999,120.900002,117.349998,120.080002,120.080002,4855100
2015-10-26,120.309998,124.860001,118.940002,123.650002,123.650002,5007100
2015-10-27,123.860001,125.910004,121.410004,125.790001,125.790001,5320800
2015-10-28,125.879997,127.150002,123.75,127.139999,127.139999,3666400
2015-10-29,127.629997,128.389999,124.169998,124.93,124.93,3657200
2015-10-30,124.800003,125.989998,122.099998,122.709999,122.709999,5246600
2015-11-02,123.940002,127.550003,123.25,127.199997,127.199997,3936100
2015-11-03,127.199997,127.510002,125.190002,126.519997,126.519997,3102900
2015-11-04,126.620003,127.970001,124.18,127.169998,127.169998,4095700
2015-11-05,122.5,122.5,118.610001,120.459999,120.459999,8611600
2015-11-06,118.529999,118.989998,113.989998,116.739998,116.739998,8283600
2015-11-09,115.849998,116.0,113.260002,114.080002,114.080002,5909700
2015-11-10,114.32,114.720001,113.150002,113.769997,113.769997,4500100
2015-11-11,114.099998,114.279999,112.150002,112.209999,112.209999,3524400
2015-11-12,111.989998,112.0,108.980003,109.019997,109.019997,5350100
2015-11-13,109.019997,111.379997,107.330002,107.489998,107.489998,6173300
2015-11-16,107.68,110.620003,105.669998,110.139999,110.139999,7878200
2015-11-17,110.190002,112.589996,109.580002,111.110001,111.110001,5060800
2015-11-18,111.360001,115.93,110.779999,115.779999,115.779999,5373900
2015-11-19,115.989998,116.239998,113.57,114.150002,114.150002,3679900
2015-11-20,115.120003,115.550003,113.239998,113.510002,113.510002,3566800
2015-11-23,114.040001,115.5,113.129997,113.599998,113.599998,3718300
2015-11-24,113.07,113.650002,111.459999,112.669998,112.669998,3412100
2015-11-25,112.68,113.699997,112.260002,112.349998,112.349998,2304000
2015-11-27,112.660004,113.050003,112.019997,112.690002,112.690002,1304800
2015-11-30,112.849998,113.050003,109.370003,109.449997,109.449997,4490800
2015-12-01,110.269997,111.389999,109.029999,110.559998,110.559998,4315200
2015-12-02,110.5,113.449997,109.75,111.43,111.43,4854100
2015-12-03,111.650002,111.800003,106.0,106.550003,106.550003,6332100
2015-12-04,107.400002,110.43,107.0,110.360001,110.360001,4927600
2015-12-07,110.300003,110.93,108.199997,109.050003,109.050003,4044100
2015-12-08,107.790001,112.529999,107.760002,112.050003,112.050003,3866500
2015-12-09,110.690002,112.480003,110.209999,110.940002,110.940002,4349900
2015-12-10,111.220001,113.5,110.589996,112.419998,112.419998,3011900
2015-12-11,110.5,112.080002,108.269997,108.360001,108.360001,4601900
2015-12-14,109.360001,110.389999,107.5,110.260002,110.260002,4079100
2015-12-15,111.269997,114.239998,110.839996,113.139999,113.139999,4625800
2015-12-16,114.0,116.099998,112.720001,115.720001,115.720001,4196700
2015-12-17,116.0,116.290001,112.07,112.169998,112.169998,3433700
2015-12-18,111.470001,112.68,110.040001,110.139999,110.139999,5746700
2015-12-21,111.129997,111.739998,109.730003,110.839996,110.839996,3211400
2015-12-22,111.32,111.57,109.839996,111.139999,111.139999,2769500
2015-12-23,120.199997,123.220001,118.0,122.07,122.07,14030700
2015-12-24,121.209999,122.970001,120.5,122.139999,122.139999,2381800
2015-12-28,120.510002,121.650002,118.470001,119.099998,119.099998,4121300
2015-12-29,119.68,121.660004,119.610001,121.269997,121.269997,3400600
2015-12-30,120.989998,121.900002,120.239998,120.68,120.68,2683800
2015-12-31,119.889999,121.830002,119.589996,119.760002,119.760002,3533100
2016-01-04,116.769997,118.43,116.099998,117.620003,117.620003,5117900
2016-01-05,117.709999,119.589996,116.68,117.959999,117.959999,3958900
2016-01-06,116.220001,117.860001,115.589996,116.709999,116.709999,3881500
2016-01-07,114.209999,115.470001,111.599998,111.889999,111.889999,5464400
2016-01-08,112.82,114.730003,108.790001,108.980003,108.980003,7374500
2016-01-11,109.550003,109.959999,99.330002,103.029999,103.029999,15821100
2016-01-12,104.0,107.919998,102.860001,106.849998,106.849998,8415900
2016-01-13,106.980003,108.629997,100.300003,100.669998,100.669998,7663300
2016-01-14,101.339996,107.18,99.440002,105.620003,105.620003,8378300
2016-01-15,101.949997,104.849998,100.82,103.059998,103.059998,9017800
2016-01-19,104.589996,105.629997,101.379997,102.989998,102.989998,7286000
2016-01-20,101.669998,109.559998,101.220001,107.489998,107.489998,10891400
2016-01-21,108.220001,109.410004,105.400002,105.459999,105.459999,8624000
2016-01-22,108.089996,109.699997,106.470001,108.809998,108.809998,5652100
2016-01-25,109.239998,109.910004,106.550003,106.699997,106.699997,5337700
2016-01-26,107.059998,107.580002,104.0,105.989998,105.989998,4499800
2016-01-27,107.779999,108.330002,101.199997,102.309998,102.309998,7109900
2016-01-28,101.510002,102.349998,95.099998,97.209999,97.209999,13823700
2016-01-29,97.269997,100.419998,95.559998,100.32,100.32,9799700
2016-02-01,99.690002,101.830002,96.900002,100.800003,100.800003,10649900
2016-02-02,99.040001,100.629997,96.220001,96.849998,96.849998,7521900
2016-02-03,97.800003,99.949997,93.050003,99.489998,99.489998,9720400
2016-02-04,99.43,103.690002,98.75,101.93,101.93,7865200
2016-02-05,101.720001,101.940002,96.400002,97.889999,97.889999,7732800
2016-02-08,96.440002,100.699997,95.510002,99.18,99.18,9392400
2016-02-09,96.730003,102.959999,95.75,100.5,100.5,7264400
2016-02-10,101.839996,105.980003,101.169998,103.160004,103.160004,8014900
2016-02-11,100.209999,102.150002,98.360001,99.589996,99.589996,7488600
2016-02-12,100.989998,102.769997,97.449997,102.449997,102.449997,5978900
2016-02-16,104.199997,105.18,103.089996,104.489998,104.489998,5324100
2016-02-17,105.839996,106.419998,104.0,105.309998,105.309998,5449100
2016-02-18,105.5,106.0,103.220001,103.519997,103.519997,4453500
2016-02-19,103.059998,103.769997,102.110001,102.610001,102.610001,4851400
2016-02-22,104.120003,104.599998,102.400002,104.580002,104.580002,4490700
2016-02-23,104.43,105.730003,101.879997,102.040001,102.040001,5772900
2016-02-24,100.690002,102.589996,99.919998,102.080002,102.080002,5363200
2016-02-25,103.050003,103.269997,101.160004,102.349998,102.349998,4942800
2016-02-26,103.099998,104.349998,102.540001,103.370003,103.370003,3831700
2016-02-29,102.870003,103.309998,100.800003,100.830002,100.830002,5599900
2016-03-01,101.830002,105.0,100.720001,105.0,105.0,5241300
2016-03-02,103.889999,106.139999,103.440002,104.730003,104.730003,4692700
2016-03-03,104.080002,104.349998,102.480003,102.730003,102.730003,4097500
2016-03-04,102.769997,103.669998,101.209999,102.510002,102.510002,5120700
2016-03-07,101.690002,104.989998,101.559998,104.25,104.25,4073500
2016-03-08,103.459999,104.949997,102.440002,102.620003,102.620003,5327900
2016-03-09,102.870003,103.25,99.639999,101.040001,101.040001,6808500
2016-03-10,101.440002,102.32,99.099998,100.059998,100.059998,5855400
2016-03-11,101.260002,102.029999,99.120003,101.849998,101.849998,7278200
2016-03-14,101.599998,101.639999,99.919998,99.989998,99.989998,5217500
2016-03-15,99.410004,99.620003,97.629997,97.980003,97.980003,7127600
2016-03-16,97.349998,98.620003,96.660004,97.529999,97.529999,5261500
2016-03-17,97.040001,97.629997,94.389999,96.690002,96.690002,9016900
2016-03-18,96.889999,99.260002,96.099998,98.760002,98.760002,9569600
2016-03-21,98.239998,101.739998,98.230003,101.139999,101.139999,5666600
2016-03-22,100.339996,103.739998,100.25,102.730003,102.730003,6880900
2016-03-23,102.699997,102.870003,99.480003,99.919998,99.919998,4989000
2016-03-24,99.209999,101.980003,98.099998,100.540001,100.540001,3760700
2016-03-28,100.5,100.989998,98.989998,99.220001,99.220001,3046000
2016-03-29,98.989998,100.239998,97.089996,100.150002,100.150002,5512100
2016-03-30,100.440002,102.269997,98.779999,98.800003,98.800003,4157800
2016-03-31,99.110001,100.93,98.650002,100.089996,100.089996,4038500
2016-04-01,99.589996,101.360001,98.809998,101.190002,101.190002,4381700
2016-04-04,101.910004,102.389999,100.910004,101.050003,101.050003,4437900
2016-04-05,99.959999,102.699997,99.860001,102.120003,102.120003,4734000
2016-04-06,102.550003,108.5,102.480003,108.220001,108.220001,8344800
2016-04-07,108.199997,109.760002,106.610001,107.110001,107.110001,6161300
2016-04-08,109.110001,109.199997,105.389999,106.260002,106.260002,4043500
2016-04-11,106.519997,107.059998,103.290001,103.809998,103.809998,4832700
2016-04-12,103.330002,105.800003,103.139999,105.260002,105.260002,3996600
2016-04-13,106.440002,107.790001,105.279999,107.599998,107.599998,4344900
2016-04-14,107.82,107.940002,106.07,106.989998,106.989998,3173300
2016-04-15,106.839996,107.419998,105.080002,107.339996,107.339996,5189700
2016-04-18,107.150002,108.730003,106.510002,107.839996,107.839996,3474000
2016-04-19,108.190002,108.720001,106.360001,106.529999,106.529999,3896600
2016-04-20,106.5,107.349998,105.860001,106.730003,106.730003,2729900
2016-04-21,106.510002,110.07,106.309998,109.919998,109.919998,3969800
2016-04-22,110.339996,111.5,109.650002,110.519997,110.519997,4838600
2016-04-25,110.43,111.900002,109.830002,110.57,110.57,3047800
2016-04-26,110.699997,110.769997,107.209999,107.550003,107.550003,5468500
2016-04-27,107.900002,108.110001,105.82,106.150002,106.150002,5844400
2016-04-28,105.080002,110.199997,103.360001,108.029999,108.029999,8598500
2016-04-29,106.059998,108.339996,102.389999,103.410004,103.410004,6930500
2016-05-02,103.25,105.019997,102.720001,104.970001,104.970001,4915700
2016-05-03,103.489998,104.650002,102.540001,103.220001,103.220001,3605600
2016-05-04,102.839996,102.839996,100.220001,100.900002,100.900002,4359500
2016-05-05,100.82,101.830002,99.980003,101.709999,101.709999,3406300
2016-05-06,100.720001,102.110001,99.269997,100.25,100.25,3727400
2016-05-09,100.610001,103.050003,100.589996,102.410004,102.410004,3493000
2016-05-10,102.800003,103.480003,101.75,103.25,103.25,2911700
2016-05-11,103.209999,103.230003,100.129997,100.25,100.25,3299500
2016-05-12,100.889999,100.989998,99.239998,100.300003,100.300003,3973600
2016-05-13,99.919998,101.910004,99.57,100.160004,100.160004,3195000
2016-05-16,99.989998,101.800003,99.760002,101.57,101.57,2416600
2016-05-17,101.029999,101.839996,100.120003,100.68,100.68,3273000
2016-05-18,100.360001,102.040001,100.059998,101.080002,101.080002,3353700
2016-05-19,100.300003,100.919998,99.029999,99.940002,99.940002,3633000
2016-05-20,100.120003,102.410004,100.040001,101.459999,101.459999,3707800
2016-05-23,101.309998,102.25,100.800003,101.019997,101.019997,2744300
2016-05-24,101.620003,103.870003,101.32,103.699997,103.699997,3461900
2016-05-25,104.239998,105.870003,104.019997,105.110001,105.110001,3654900
2016-05-26,104.800003,107.400002,104.239998,105.779999,105.779999,4781100
2016-05-27,106.290001,106.739998,105.300003,106.43,106.43,2511700
2016-05-31,107.25,107.440002,105.419998,105.519997,105.519997,5916600
2016-06-01,104.480003,106.440002,104.419998,106.019997,106.019997,2849700
2016-06-02,106.019997,108.239998,105.879997,108.239998,108.239998,3992400
2016-06-03,108.099998,108.32,106.110001,107.589996,107.589996,3062400
2016-06-06,107.599998,108.5,106.519997,107.650002,107.650002,2766000
2016-06-07,106.769997,107.800003,105.650002,107.400002,107.400002,3969500
2016-06-08,107.419998,107.489998,106.199997,106.779999,106.779999,3498200
2016-06-09,106.07,107.739998,105.75,106.129997,106.129997,3422900
2016-06-10,104.900002,105.470001,102.510002,102.910004,102.910004,4856000
2016-06-13,102.839996,104.370003,101.540001,101.610001,101.610001,3189700
2016-06-14,100.800003,101.690002,99.489998,101.029999,101.029999,4707200
2016-06-15,101.43,102.190002,99.830002,99.980003,99.980003,3768600
2016-06-16,99.529999,100.470001,98.730003,100.230003,100.230003,3162700
2016-06-17,100.43,100.43,98.220001,98.739998,98.739998,5972000
2016-06-20,100.239998,101.099998,99.139999,99.290001,99.290001,4842700
2016-06-21,99.540001,99.800003,96.309998,96.860001,96.860001,8416100
2016-06-22,97.43,100.699997,96.330002,99.230003,99.230003,9018500
2016-06-23,100.260002,100.760002,99.25,100.660004,100.660004,3822500
2016-06-24,97.199997,98.650002,96.260002,96.290001,96.290001,7022200
2016-06-27,95.559998,96.779999,94.419998,94.849998,94.849998,6562100
2016-06-28,96.260002,97.75,96.059998,97.279999,97.279999,5344700
2016-06-29,97.800003,99.419998,97.120003,98.809998,98.809998,5287000
2016-06-30,98.809998,98.989998,97.190002,98.629997,98.629997,4818600
2016-07-01,98.529999,101.389999,98.25,100.699997,100.699997,3407600
2016-07-05,100.940002,100.980003,99.449997,100.25,100.25,2845500
2016-07-06,100.25,104.940002,100.129997,104.599998,104.599998,7206800
2016-07-07,104.300003,104.949997,103.050003,104.410004,104.410004,4124900
2016-07-08,103.790001,105.669998,103.330002,105.029999,105.029999,3367800
2016-07-11,105.669998,105.790001,103.410004,103.410004,103.410004,3572300
2016-07-12,104.050003,104.910004,103.260002,103.410004,103.410004,3842600
2016-07-13,104.07,104.230003,101.629997,101.760002,101.760002,4110200
2016-07-14,102.949997,103.139999,100.860001,101.419998,101.419998,5376300
2016-07-15,102.370003,104.559998,102.169998,102.849998,102.849998,5415400
2016-07-18,102.849998,103.379997,102.010002,102.699997,102.699997,2496300
2016-07-19,102.410004,103.139999,101.830002,102.260002,102.260002,2693400
2016-07-20,102.93,105.599998,102.5,104.620003,104.620003,5634900
2016-07-21,105.599998,107.480003,105.459999,107.449997,107.449997,5183600
2016-07-22,107.980003,108.400002,106.75,107.519997,107.519997,3473300
2016-07-25,107.440002,108.139999,106.730003,107.93,107.93,3271400
2016-07-26,105.989998,108.029999,105.489998,106.18,106.18,6504900
2016-07-27,106.019997,108.839996,105.559998,108.110001,108.110001,6023400
2016-07-28,109.910004,112.25,109.800003,111.260002,111.260002,8328000
2016-07-29,110.660004,112.43,110.5,112.190002,112.190002,5387600
2016-08-01,111.690002,115.019997,111.610001,114.690002,114.690002,6620500
2016-08-02,114.639999,115.400002,112.830002,114.290001,114.290001,5027900
2016-08-03,114.160004,117.610001,113.860001,116.139999,116.139999,6340800
2016-08-04,116.610001,117.449997,115.540001,116.269997,116.269997,7365300
2016-08-05,116.769997,117.900002,115.360001,115.529999,115.529999,4966300
2016-08-08,115.489998,115.529999,112.75,113.629997,113.629997,5823500
2016-08-09,114.019997,114.559998,113.449997,113.800003,113.800003,2436500
2016-08-10,113.75,114.199997,111.940002,112.529999,112.529999,2689700
2016-08-11,112.809998,113.940002,112.269997,113.809998,113.809998,2723300
2016-08-12,113.169998,113.860001,112.510002,113.389999,113.389999,3360800
2016-08-15,113.839996,114.800003,113.309998,114.620003,114.620003,2975600
2016-08-16,114.080002,114.650002,112.099998,112.169998,112.169998,4251800
2016-08-17,112.169998,112.839996,111.669998,112.550003,112.550003,3732100
2016-08-18,112.470001,112.949997,111.949997,112.129997,112.129997,2158000
2016-08-19,111.830002,112.93,111.599998,112.160004,112.160004,2914600
2016-08-22,112.82,114.470001,112.529999,114.199997,114.199997,2672500
2016-08-23,114.489998,115.519997,113.919998,114.010002,114.010002,2302800
2016-08-24,113.860001,115.5,110.07,110.599998,110.599998,4751000
2016-08-25,110.769997,111.0,106.650002,107.910004,107.910004,5613100
2016-08-26,107.93,110.129997,107.5,108.790001,108.790001,4724900
2016-08-29,109.080002,109.440002,107.68,107.949997,107.949997,2588800
2016-08-30,107.889999,108.510002,106.739998,107.019997,107.019997,3178400
2016-08-31,107.169998,107.790001,106.300003,106.739998,106.739998,3084100
2016-09-01,107.040001,107.300003,105.379997,106.370003,106.370003,3477600
2016-09-02,107.0,107.0,105.260002,105.489998,105.489998,3264500
2016-09-06,105.779999,107.199997,105.300003,106.709999,106.709999,3533900
2016-09-07,106.730003,107.910004,106.300003,106.959999,106.959999,3091900
2016-09-08,106.5,107.889999,106.290001,107.650002,107.650002,2805800
2016-09-09,106.800003,106.970001,104.419998,104.470001,104.470001,4207600
2016-09-12,104.489998,107.150002,104.18,106.849998,106.849998,5494800
2016-09-13,105.68,106.349998,103.5,104.529999,104.529999,3584000
2016-09-14,104.769997,106.559998,104.650002,106.059998,106.059998,3990000
2016-09-15,106.129997,107.709999,105.440002,107.349998,107.349998,3474400
2016-09-16,107.129997,108.879997,106.699997,108.540001,108.540001,5913500
2016-09-19,108.669998,109.160004,107.589996,107.730003,107.730003,2704600
2016-09-20,108.419998,109.199997,108.099998,108.419998,108.419998,2567800
2016-09-21,109.0,109.910004,107.57,109.580002,109.580002,3110500
2016-09-22,110.0,110.849998,108.540001,110.57,110.57,4433000
2016-09-23,110.870003,111.139999,109.290001,109.43,109.43,3063900
2016-09-26,109.0,109.419998,105.970001,106.309998,106.309998,4075600
2016-09-27,106.379997,107.5,105.690002,107.400002,107.400002,3265400
2016-09-28,107.620003,107.620003,105.449997,105.830002,105.830002,4705000
2016-09-29,105.830002,106.300003,102.279999,102.769997,102.769997,5502700
2016-09-30,103.419998,105.239998,102.699997,104.529999,104.529999,4644300
2016-10-03,104.150002,104.480003,103.010002,104.269997,104.269997,2562800
2016-10-04,104.379997,105.459999,104.269997,104.669998,104.669998,2672900
2016-10-05,104.82,106.360001,104.699997,105.290001,105.290001,2589700
2016-10-06,104.839996,105.349998,103.580002,104.029999,104.029999,3177100
2016-10-07,104.459999,104.730003,103.139999,104.07,104.07,1864900
2016-10-10,104.43,105.059998,104.150002,104.269997,104.269997,2063500
2016-10-11,103.599998,103.879997,101.019997,101.639999,101.639999,3381200
2016-10-12,101.779999,102.400002,99.889999,100.099998,100.099998,3202900
2016-10-13,99.550003,101.379997,99.5,100.629997,100.629997,3714700
2016-10-14,101.25,101.389999,98.480003,98.5,98.5,4309200
2016-10-17,98.989998,100.510002,97.849998,99.639999,99.639999,4494900
2016-10-18,100.349998,101.269997,100.019997,100.059998,100.059998,2871300
2016-10-19,99.860001,101.099998,99.860001,100.019997,100.019997,2934000
2016-10-20,100.129997,101.0,99.669998,100.019997,100.019997,3627800
2016-10-21,99.529999,99.75,98.120003,98.910004,98.910004,4646600
2016-10-24,99.650002,99.690002,97.970001,98.07,98.07,4131900
2016-10-25,98.099998,98.43,96.93,97.629997,97.629997,4763800
2016-10-26,97.769997,99.220001,97.330002,98.410004,98.410004,4995200
2016-10-27,101.809998,106.129997,101.669998,104.720001,104.720001,11037600
2016-10-28,104.019997,105.190002,102.610001,103.900002,103.900002,6956200
2016-10-31,103.959999,104.559998,102.080002,102.18,102.18,4695600
2016-11-01,102.0,104.110001,101.300003,104.089996,104.089996,4462200
2016-11-02,103.900002,104.889999,102.800003,102.849998,102.849998,3412000
2016-11-03,102.610001,103.529999,102.150002,102.349998,102.349998,4472400
2016-11-04,100.970001,104.290001,100.919998,103.440002,103.440002,3692100
2016-11-07,104.860001,108.0,104.720001,107.489998,107.489998,6445800
2016-11-08,106.580002,109.300003,106.489998,108.449997,108.449997,4253100
2016-11-09,115.75,127.0,114.699997,120.07,120.07,22491700
2016-11-10,119.970001,122.339996,118.089996,121.059998,121.059998,12026200
2016-11-11,119.300003,120.599998,116.849998,119.449997,119.449997,5718400
2016-11-14,119.339996,121.650002,118.169998,120.68,120.68,4694600
2016-11-15,120.080002,121.190002,118.419998,120.910004,120.910004,3507600
2016-11-16,120.080002,121.220001,119.160004,119.690002,119.690002,2604200
2016-11-17,119.639999,122.339996,119.25,122.080002,122.080002,3961200
2016-11-18,121.870003,122.5,121.059998,121.970001,121.970001,4640900
2016-11-21,122.18,124.839996,121.839996,124.160004,124.160004,6876300
2016-11-22,124.790001,124.790001,120.010002,120.970001,120.970001,6564700
2016-11-23,118.43,121.019997,117.75,120.849998,120.849998,4840800
2016-11-25,121.0,121.32,119.830002,121.059998,121.059998,1790600
2016-11-28,120.309998,121.220001,119.110001,120.300003,120.300003,3280300
2016-11-29,120.910004,123.199997,120.5,122.129997,122.129997,4446400
2016-11-30,122.959999,122.959999,118.330002,118.510002,118.510002,5463000
2016-12-01,119.739998,119.940002,118.0,118.870003,118.870003,4262200
2016-12-02,118.620003,119.389999,117.230003,117.629997,117.629997,3819700
2016-12-05,118.199997,118.300003,115.919998,116.559998,116.559998,5083300
2016-12-06,117.339996,118.529999,116.089996,117.389999,117.389999,4430300
2016-12-07,114.879997,114.910004,110.050003,112.660004,112.660004,10157800
2016-12-08,112.580002,113.309998,110.910004,113.059998,113.059998,5086800
2016-12-09,113.68,115.139999,112.739998,113.470001,113.470001,3586700
2016-12-12,112.900002,113.599998,111.519997,113.220001,113.220001,3696000
2016-12-13,113.400002,115.870003,112.949997,115.089996,115.089996,3901100
2016-12-14,115.0,116.510002,114.790001,115.830002,115.830002,3295600
2016-12-15,116.389999,118.470001,115.699997,117.18,117.18,4542500
2016-12-16,117.330002,118.75,116.32,116.620003,116.620003,7024600
2016-12-19,116.699997,118.440002,115.410004,115.730003,115.730003,2960000
2016-12-20,117.300003,118.599998,117.0,118.519997,118.519997,3553900
2016-12-21,118.029999,118.419998,115.389999,115.849998,115.849998,4447300
2016-12-22,116.139999,117.949997,114.910004,117.870003,117.870003,3390100
2016-12-23,117.949997,119.349998,117.540001,118.93,118.93,2577400
2016-12-27,119.110001,119.949997,117.830002,117.919998,117.919998,2175300
2016-12-28,117.860001,118.470001,116.940002,117.290001,117.290001,1851400
2016-12-29,117.169998,117.660004,116.169998,116.93,116.93,1665300
2016-12-30,117.199997,117.550003,115.120003,115.75,115.75,2980000
2017-01-03,116.5,118.760002,116.309998,118.75,118.75,4042200
2017-01-04,119.239998,119.279999,117.449997,118.550003,118.550003,4000200
2017-01-05,118.489998,119.07,117.559998,118.760002,118.760002,3870400
2017-01-06,119.559998,121.0,118.769997,119.639999,119.639999,5267100
2017-01-09,120.050003,122.389999,117.599998,120.209999,120.209999,7731000
2017-01-10,120.410004,121.589996,119.580002,119.980003,119.980003,4669500
2017-01-11,120.0,120.809998,115.260002,117.239998,117.239998,7585200
2017-01-12,117.110001,117.650002,115.309998,117.080002,117.080002,3973700
2017-01-13,117.150002,118.699997,116.82,117.480003,117.480003,3537500
2017-01-17,116.360001,116.419998,113.150002,114.949997,114.949997,5350600
2017-01-18,115.099998,115.260002,114.290001,115.220001,115.220001,4040500
2017-01-19,115.07,115.290001,113.150002,113.620003,113.620003,4694800
2017-01-20,114.279999,114.75,112.419998,112.660004,112.660004,5192800
2017-01-23,112.730003,113.360001,111.629997,112.309998,112.309998,3532400
2017-01-24,112.75,113.0,111.260002,112.449997,112.449997,3217200
2017-01-25,113.360001,114.269997,112.860001,113.980003,113.980003,5154400
2017-01-26,114.580002,115.0,111.059998,111.529999,111.529999,7089900
2017-01-27,112.010002,113.839996,111.459999,113.620003,113.620003,4056300
2017-01-30,113.480003,114.0,111.900002,113.18,113.18,4288300
2017-01-31,112.029999,116.32,111.900002,116.150002,116.150002,5960000
2017-02-01,116.110001,117.68,115.260002,117.410004,117.410004,4650600
2017-02-02,116.339996,117.0,114.68,115.540001,115.540001,4242900
2017-02-03,116.029999,116.32,114.510002,115.639999,115.639999,2570200
2017-02-06,115.690002,116.529999,115.040001,116.089996,116.089996,3503700
2017-02-07,116.339996,117.360001,115.849998,116.260002,116.260002,2604400
2017-02-08,115.709999,116.190002,114.739998,115.349998,115.349998,3262300
2017-02-09,116.480003,116.919998,115.029999,116.739998,116.739998,3408600
2017-02-10,116.699997,117.0,115.25,115.610001,115.610001,3102700
2017-02-13,116.019997,116.849998,115.699997,116.419998,116.419998,2338700
2017-02-14,116.129997,117.209999,115.089996,117.019997,117.019997,3535600
2017-02-15,117.129997,120.629997,117.029999,120.470001,120.470001,5112500
2017-02-16,120.160004,120.769997,118.25,118.660004,118.660004,3297000
2017-02-17,119.129997,121.190002,118.809998,121.160004,121.160004,4823600
2017-02-21,121.389999,122.220001,119.120003,119.440002,119.440002,4639800
2017-02-22,119.480003,120.5,118.839996,119.269997,119.269997,3829700
2017-02-23,119.860001,119.949997,117.699997,119.459999,119.459999,4373500
2017-02-24,118.5,119.309998,117.279999,118.230003,118.230003,4460300
2017-02-27,118.300003,122.0,118.010002,121.779999,121.779999,4202200
2017-02-28,121.860001,124.559998,121.699997,123.510002,123.510002,6474400
2017-03-01,124.790001,124.790001,122.699997,123.699997,123.699997,4516500
2017-03-02,123.639999,124.199997,121.720001,122.239998,122.239998,3780700
2017-03-03,122.080002,123.889999,121.309998,123.660004,123.660004,3200100
2017-03-06,123.449997,124.019997,122.5,123.519997,123.519997,2809000
2017-03-07,122.169998,122.720001,121.209999,122.080002,122.080002,3463000
2017-03-08,122.010002,123.300003,121.559998,123.040001,123.040001,3525300
2017-03-09,123.300003,126.160004,123.099998,125.129997,125.129997,5596200
2017-03-10,126.5,126.5,123.239998,124.0,124.0,5087400
2017-03-13,124.18,124.57,123.010002,124.43,124.43,2833100
2017-03-14,124.400002,125.330002,124.029999,124.68,124.68,2946800
2017-03-15,124.949997,127.440002,124.650002,126.879997,126.879997,4794700
2017-03-16,127.050003,127.25,124.82,126.620003,126.620003,4078000
2017-03-17,126.730003,127.639999,125.510002,125.769997,125.769997,6103000
2017-03-20,125.57,127.150002,125.339996,126.510002,126.510002,2766900
2017-03-21,126.669998,127.040001,123.440002,123.82,123.82,4374600
2017-03-22,124.050003,124.599998,122.169998,123.370003,123.370003,3961900
2017-03-23,123.190002,124.129997,122.470001,123.220001,123.220001,2785500
2017-03-24,123.720001,124.129997,122.949997,123.379997,123.379997,2822200
2017-03-27,122.25,125.989998,122.150002,124.860001,124.860001,4365900
2017-03-28,124.610001,125.449997,123.760002,124.43,124.43,3048200
2017-03-29,124.279999,125.059998,123.959999,124.089996,124.089996,2051600
2017-03-30,123.93,124.489998,123.370003,124.339996,124.339996,1907700
2017-03-31,124.029999,124.849998,123.629997,124.43,124.43,2850100
