date,open,high,low,close,adj_close,volume
2009-01-02,8.95,9.15,8.71,9.12,9.12,171500
2009-01-05,9.16,9.25,8.79,9.21,9.21,140300
2009-01-06,9.25,9.73,9.05,9.47,9.47,345600
2009-01-07,9.33,9.48,9.12,9.25,9.25,210000
2009-01-08,9.19,9.5,9.12,9.4,9.4,225400
2009-01-09,9.37,9.37,8.9,8.93,8.93,281700
2009-01-12,8.92,9.15,8.81,8.95,8.95,206300
2009-01-13,8.95,9.35,8.81,9.16,9.16,159600
2009-01-14,9.01,9.18,8.7,8.73,8.73,212100
2009-01-15,8.72,9.02,8.46,9.02,9.02,168800
2009-01-16,9.09,9.55,8.84,9.53,9.53,383400
2009-01-20,9.43,9.77,9.43,9.54,9.54,869800
2009-01-21,9.64,10.07,9.58,9.98,9.98,470000
2009-01-22,9.75,10.25,9.75,10.02,10.02,596400
2009-01-23,9.17,10.13,9.17,9.51,9.51,473400
2009-01-26,9.55,10.19,9.53,9.9,9.9,318700
2009-01-27,9.96,10.69,9.96,10.46,10.46,449900
2009-01-28,9.8,10.24,9.7,10.08,10.08,1671600
2009-01-29,9.99,10.2,9.79,9.96,9.96,613200
2009-01-30,10.1,10.4,9.78,10.09,10.09,735200
2009-02-02,9.93,10.3,9.78,10.25,10.25,574000
2009-02-03,10.33,10.48,10.14,10.35,10.35,515200
2009-02-04,10.32,10.75,10.15,10.26,10.26,457500
2009-02-05,10.16,10.74,10.13,10.66,10.66,401600
2009-02-06,10.38,10.65,9.98,10.35,10.35,746100
2009-02-09,10.31,10.39,9.99,10.19,10.19,347600
2009-02-10,10.2,10.37,9.92,10.23,10.23,701700
2009-02-11,10.25,10.5,10.16,10.36,10.36,414700
2009-02-12,10.23,10.78,10.12,10.55,10.55,608300
2009-02-13,10.59,10.59,10.32,10.36,10.36,439000
2009-02-17,10.02,10.33,9.85,10.15,10.15,410000
2009-02-18,10.2,10.21,10.03,10.09,10.09,327500
2009-02-19,10.18,10.27,9.92,9.99,9.99,462200
2009-02-20,9.83,10.04,9.52,9.76,9.76,416400
2009-02-23,9.81,9.81,9.12,9.36,9.36,419700
2009-02-24,9.38,9.59,9.11,9.47,9.47,488300
2009-02-25,9.35,9.46,8.77,8.77,8.77,754200
2009-02-26,8.82,9.02,8.3,8.32,8.32,594100
2009-02-27,8.28,8.31,7.83,8.03,8.03,1214700
2009-03-02,7.92,7.97,7.45,7.51,7.51,575900
2009-03-03,7.62,7.77,7.51,7.64,7.64,479100
2009-03-04,7.76,8.17,7.68,7.98,7.98,400700
2009-03-05,7.84,8.05,7.43,7.48,7.48,535400
2009-03-06,7.54,7.71,7.0,7.23,7.23,688100
2009-03-09,7.18,7.56,7.14,7.41,7.41,380900
2009-03-10,7.5,8.05,7.4,8.03,8.03,488800
2009-03-11,8.06,8.35,7.67,7.68,7.68,257400
2009-03-12,7.67,9.15,7.49,8.82,8.82,820300
2009-03-13,8.8,9.1,8.68,8.97,8.97,363700
2009-03-16,9.03,9.3,8.73,8.79,8.79,461400
2009-03-17,8.76,9.18,8.63,9.18,9.18,223900
2009-03-18,9.17,9.83,8.99,9.65,9.65,287600
2009-03-19,9.75,9.79,9.46,9.71,9.71,244800
2009-03-20,9.78,9.83,9.54,9.61,9.61,596900
2009-03-23,9.69,10.09,9.43,10.09,10.09,528000
2009-03-24,9.92,10.13,9.86,9.88,9.88,287300
2009-03-25,10.25,10.25,9.45,9.88,9.88,404600
2009-03-26,10.05,10.22,9.93,10.22,10.22,363600
2009-03-27,10.0,10.18,9.82,9.89,9.89,364200
2009-03-30,9.61,9.97,9.37,9.88,9.88,234700
2009-03-31,10.03,10.1,9.83,9.86,9.86,357500
2009-04-01,9.68,9.79,9.18,9.38,9.38,332200
2009-04-02,9.48,9.79,9.24,9.59,9.59,633800
2009-04-03,9.59,9.78,9.11,9.27,9.27,274600
2009-04-06,9.18,9.47,9.02,9.16,9.16,249100
2009-04-07,9.9,9.9,8.8,8.83,8.83,208400
2009-04-08,8.87,9.13,8.75,8.93,8.93,195900
2009-04-09,9.15,9.49,8.97,9.42,9.42,315400
2009-04-13,9.28,9.54,9.09,9.39,9.39,245400
2009-04-14,9.22,9.51,8.76,8.87,8.87,351200
2009-04-15,8.8,9.0,8.62,8.82,8.82,267200
2009-04-16,8.88,9.11,8.61,9.03,9.03,316400
2009-04-17,9.06,9.06,8.72,8.87,8.87,316200
2009-04-20,8.68,8.95,8.5,8.57,8.57,273600
2009-04-21,8.51,8.7,8.34,8.48,8.48,316700
2009-04-22,8.37,8.76,8.35,8.4,8.4,376500
2009-04-23,8.39,8.66,8.12,8.18,8.18,454100
2009-04-24,8.28,8.41,7.91,8.36,8.36,387200
2009-04-27,8.19,8.85,8.19,8.74,8.74,435000
2009-04-28,8.61,9.05,8.52,8.88,8.88,387800
2009-04-29,8.98,9.41,8.87,9.39,9.39,496200
2009-04-30,9.4,9.61,9.16,9.23,9.23,575800
2009-05-01,9.23,9.39,8.76,8.86,8.86,245100
2009-05-04,8.97,9.0,8.71,8.97,8.97,320800
2009-05-05,8.9,8.95,8.45,8.5,8.5,323800
2009-05-06,8.55,8.76,8.16,8.27,8.27,263600
2009-05-07,8.4,8.49,8.12,8.19,8.19,212300
2009-05-08,8.36,8.68,8.31,8.67,8.67,385100
2009-05-11,8.5,8.89,8.5,8.82,8.82,248600
2009-05-12,8.9,8.93,8.67,8.71,8.71,200500
2009-05-13,8.55,8.72,8.31,8.46,8.46,347800
2009-05-14,8.52,8.63,8.36,8.49,8.49,238400
2009-05-15,8.78,8.8,8.15,8.38,8.38,566400
2009-05-18,8.45,8.82,8.45,8.75,8.75,297000
2009-05-19,8.83,8.9,8.58,8.84,8.84,247700
2009-05-20,8.91,9.1,8.77,8.82,8.82,204100
2009-05-21,8.81,8.99,8.58,8.91,8.91,410500
2009-05-22,8.93,9.38,8.9,9.22,9.22,291100
2009-05-26,9.24,9.5,9.12,9.33,9.33,319200
2009-05-27,9.25,9.34,9.08,9.14,9.14,260900
2009-05-28,9.18,9.35,8.95,9.13,9.13,265700
2009-05-29,9.13,9.25,9.0,9.19,9.19,532500
2009-06-01,9.34,9.66,9.26,9.51,9.51,444800
2009-06-02,9.5,10.04,9.49,9.92,9.92,343500
2009-06-03,9.87,10.19,9.75,9.97,9.97,288100
2009-06-04,9.99,10.18,9.94,10.17,10.17,225400
2009-06-05,10.25,10.35,10.11,10.34,10.34,342200
2009-06-08,10.3,10.47,10.01,10.03,10.03,519500
2009-06-09,10.05,10.07,9.83,9.85,9.85,290500
2009-06-10,9.89,9.91,9.31,9.4,9.4,366900
2009-06-11,9.4,9.43,9.25,9.27,9.27,304500
2009-06-12,9.23,9.47,9.21,9.42,9.42,161300
2009-06-15,9.38,9.52,9.16,9.26,9.26,362600
2009-06-16,9.3,9.31,9.05,9.13,9.13,186900
2009-06-17,9.11,9.26,9.11,9.21,9.21,325300
2009-06-18,9.21,9.27,9.08,9.21,9.21,219900
2009-06-19,9.26,9.44,9.24,9.35,9.35,444300
2009-06-22,9.26,9.32,9.0,9.04,9.04,250500
2009-06-23,9.11,9.28,9.11,9.15,9.15,224800
2009-06-24,9.19,9.28,9.03,9.1,9.1,234500
2009-06-25,9.06,9.27,9.06,9.27,9.27,416300
2009-06-26,9.2,9.35,9.14,9.35,9.35,1620600
2009-06-29,9.32,9.51,9.24,9.44,9.44,309400
2009-06-30,9.49,9.82,9.49,9.72,9.72,468800
2009-07-01,9.8,9.9,9.49,9.78,9.78,244000
2009-07-02,9.67,9.73,9.3,9.33,9.33,275800
2009-07-06,9.32,9.54,9.01,9.18,9.18,361100
2009-07-07,9.17,9.34,8.97,8.97,8.97,162700
2009-07-08,9.03,9.24,8.69,8.81,8.81,267600
2009-07-09,8.83,8.89,8.64,8.75,8.75,350300
2009-07-10,8.73,8.97,8.62,8.92,8.92,356900
2009-07-13,9.01,9.01,8.75,8.95,8.95,301000
2009-07-14,8.92,9.04,8.85,8.99,8.99,231800
2009-07-15,9.05,9.15,8.89,9.1,9.1,1301600
2009-07-16,9.07,9.13,8.96,9.03,9.03,1055300
2009-07-17,9.06,9.08,8.92,9.0,9.0,1042100
2009-07-20,9.07,9.19,8.93,9.09,9.09,714500
2009-07-21,9.16,9.3,9.03,9.27,9.27,292400
2009-07-22,9.2,9.36,9.19,9.33,9.33,263700
2009-07-23,10.59,10.59,9.85,9.97,9.97,1201200
2009-07-24,10.51,11.5,9.97,11.34,11.34,2211700
2009-07-27,11.36,11.69,11.04,11.44,11.44,1273000
2009-07-28,11.38,11.93,11.26,11.88,11.88,1039100
2009-07-29,11.83,12.5,11.69,12.41,12.41,1935700
2009-07-30,12.48,12.78,12.12,12.2,12.2,1320200
2009-07-31,12.12,12.3,11.96,12.05,12.05,724700
2009-08-03,11.99,12.14,11.7,11.98,11.98,937100
2009-08-04,11.87,12.26,11.78,12.21,12.21,518800
2009-08-05,12.16,12.21,11.9,12.1,12.1,639700
2009-08-06,12.18,12.2,11.84,11.89,11.89,995200
2009-08-07,12.07,12.07,11.75,11.8,11.8,506900
2009-08-10,11.78,11.92,11.7,11.84,11.84,328600
2009-08-11,11.35,11.64,10.77,10.99,10.99,891000
2009-08-12,11.25,11.82,11.18,11.57,11.57,4987400
2009-08-13,11.26,11.61,11.26,11.41,11.41,894200
2009-08-14,11.43,11.6,11.19,11.41,11.41,471500
2009-08-17,11.15,11.24,11.03,11.22,11.22,545600
2009-08-18,11.22,11.58,11.16,11.41,11.41,402800
2009-08-19,11.25,11.58,11.16,11.56,11.56,344100
2009-08-20,11.55,11.77,11.2,11.72,11.72,350100
2009-08-21,11.89,12.16,11.68,11.91,11.91,1149000
2009-08-24,11.97,12.11,11.85,12.09,12.09,712700
2009-08-25,12.11,12.26,12.01,12.16,12.16,543900
2009-08-26,12.11,12.5,12.1,12.19,12.19,656800
2009-08-27,12.47,12.47,11.88,12.17,12.17,412300
2009-08-28,12.19,12.26,12.03,12.19,12.19,481900
2009-08-31,12.13,12.36,12.0,12.25,12.25,1900400
2009-09-01,12.33,13.14,12.25,12.53,12.53,1326100
2009-09-02,12.54,12.78,12.33,12.35,12.35,1140100
2009-09-03,12.44,12.62,12.37,12.58,12.58,422100
2009-09-04,12.59,12.81,12.46,12.79,12.79,501000
2009-09-08,12.98,13.1,12.73,13.06,13.06,662900
2009-09-09,13.09,13.4,13.06,13.3,13.3,866800
2009-09-10,13.33,13.75,13.28,13.74,13.74,967000
2009-09-11,13.8,14.12,13.61,13.88,13.88,697900
2009-09-14,13.75,13.82,13.47,13.76,13.76,582700
2009-09-15,13.63,13.69,13.34,13.52,13.52,359100
2009-09-16,13.62,13.99,13.5,13.97,13.97,583900
2009-09-17,13.94,14.3,13.89,14.05,14.05,492600
2009-09-18,14.08,14.78,13.82,14.67,14.67,3666700
2009-09-21,14.51,14.85,14.29,14.8,14.8,485100
2009-09-22,14.94,14.94,14.28,14.35,14.35,458700
2009-09-23,14.44,14.44,13.9,13.99,13.99,551500
2009-09-24,14.0,14.08,13.46,13.55,13.55,472300
2009-09-25,13.43,13.69,13.4,13.62,13.62,387800
2009-09-28,13.75,14.31,13.74,14.06,14.06,466400
2009-09-29,14.11,14.38,14.02,14.13,14.13,376100
2009-09-30,14.18,14.39,13.65,14.03,14.03,498000
2009-10-01,14.0,14.06,13.13,13.2,13.2,501100
2009-10-02,13.14,13.26,13.04,13.16,13.16,396600
2009-10-05,11.2,11.59,10.65,11.24,11.24,4730800
2009-10-06,11.24,11.4,11.07,11.32,11.32,1201800
2009-10-07,11.25,11.31,10.84,10.9,10.9,713100
2009-10-08,11.0,11.0,10.13,10.41,10.41,1606400
2009-10-09,10.44,10.55,10.25,10.32,10.32,870600
2009-10-12,10.37,10.37,9.87,10.06,10.06,1346400
2009-10-13,10.06,10.37,9.96,10.16,10.16,959200
2009-10-14,10.22,10.39,10.07,10.29,10.29,704800
2009-10-15,10.18,10.39,10.0,10.38,10.38,827000
2009-10-16,10.34,10.34,10.03,10.08,10.08,459900
2009-10-19,10.06,10.14,9.91,10.08,10.08,611300
2009-10-20,10.12,10.13,9.77,9.86,9.86,1024300
2009-10-21,9.87,10.15,9.7,9.73,9.73,840600
2009-10-22,9.75,9.87,9.54,9.85,9.85,444400
2009-10-23,9.83,9.95,9.64,9.73,9.73,861100
2009-10-26,9.77,10.02,9.52,9.66,9.66,580900
2009-10-27,9.71,9.95,9.62,9.68,9.68,492900
2009-10-28,9.65,9.75,9.24,9.28,9.28,656900
2009-10-29,9.38,9.48,9.11,9.19,9.19,580700
2009-10-30,9.12,9.32,9.0,9.08,9.08,880800
2009-11-02,9.1,9.38,9.0,9.14,9.14,526400
2009-11-03,9.11,9.47,9.1,9.3,9.3,493300
2009-11-04,9.31,9.38,8.9,8.95,8.95,596700
2009-11-05,9.04,9.59,8.99,9.52,9.52,472700
2009-11-06,9.44,9.71,9.24,9.45,9.45,537300
2009-11-09,9.54,9.85,9.52,9.72,9.72,396000
2009-11-10,9.7,9.81,9.3,9.34,9.34,458600
2009-11-11,9.43,9.88,9.21,9.84,9.84,614000
2009-11-12,9.8,9.84,9.39,9.4,9.4,355300
2009-11-13,9.43,9.48,9.15,9.37,9.37,289400
2009-11-16,9.46,9.85,9.43,9.82,9.82,381100
2009-11-17,9.81,9.84,9.32,9.45,9.45,640100
2009-11-18,9.46,9.55,9.03,9.2,9.2,1141400
2009-11-19,9.12,9.45,9.0,9.34,9.34,824800
2009-11-20,9.26,9.47,9.13,9.3,9.3,324000
2009-11-23,9.49,9.6,9.18,9.4,9.4,746500
2009-11-24,9.42,9.42,9.18,9.34,9.34,196300
2009-11-25,9.4,9.7,9.4,9.63,9.63,274500
2009-11-27,9.35,9.63,9.26,9.39,9.39,285500
2009-11-30,9.26,9.39,9.05,9.28,9.28,1103000
2009-12-01,9.37,9.83,9.22,9.7,9.7,1470400
2009-12-02,9.68,9.98,9.6,9.72,9.72,687300
2009-12-03,9.78,9.94,9.5,9.52,9.52,921100
2009-12-04,9.68,9.75,9.28,9.42,9.42,828100
2009-12-07,9.45,9.58,9.3,9.42,9.42,366300
2009-12-08,9.34,9.44,9.17,9.25,9.25,512200
2009-12-09,9.28,9.28,9.0,9.12,9.12,625700
2009-12-10,9.12,9.22,8.89,8.98,8.98,593100
2009-12-11,8.27,8.81,8.26,8.74,8.74,1754400
2009-12-14,8.75,8.99,8.73,8.94,8.94,524800
2009-12-15,9.16,9.29,8.75,8.8,8.8,1954500
2009-12-16,8.88,9.26,8.8,9.19,9.19,1354200
2009-12-17,9.12,9.2,8.97,9.12,9.12,699600
2009-12-18,9.21,9.45,9.06,9.17,9.17,2185300
2009-12-21,9.35,9.69,9.35,9.65,9.65,574000
2009-12-22,9.74,9.99,9.7,9.95,9.95,484500
2009-12-23,10.0,10.41,9.84,10.3,10.3,689200
2009-12-24,10.3,10.3,10.0,10.25,10.25,128700
2009-12-28,10.28,10.37,10.08,10.33,10.33,365100
2009-12-29,10.38,10.5,10.31,10.45,10.45,659800
2009-12-30,10.4,10.58,10.0,10.39,10.39,486900
2009-12-31,10.34,10.43,10.14,10.16,10.16,389800
2010-01-04,10.24,10.55,10.2,10.54,10.54,497800
2010-01-05,10.55,10.65,10.39,10.53,10.53,416600
2010-01-06,10.56,10.95,10.56,10.82,10.82,548100
2010-01-07,10.85,10.94,10.57,10.76,10.76,469200
2010-01-08,10.75,10.95,10.69,10.82,10.82,427300
2010-01-11,10.83,10.87,10.54,10.6,10.6,557800
2010-01-12,10.51,10.61,10.22,10.32,10.32,494100
2010-01-13,10.38,10.74,10.34,10.66,10.66,309000
2010-01-14,10.6,10.79,10.59,10.67,10.67,177000
2010-01-15,10.72,10.82,10.21,10.3,10.3,587200
2010-01-19,10.3,10.81,10.27,10.79,10.79,511400
2010-01-20,10.69,10.78,10.21,10.46,10.46,752300
2010-01-21,10.5,10.62,10.38,10.43,10.43,887300
2010-01-22,10.4,11.1,10.4,10.66,10.66,1087000
2010-01-25,10.71,10.76,10.26,10.47,10.47,704300
2010-01-26,10.41,10.49,10.26,10.3,10.3,277300
2010-01-27,10.28,10.88,10.28,10.88,10.88,636600
2010-01-28,10.86,10.86,10.33,10.46,10.46,522300
2010-01-29,10.51,10.75,10.3,10.32,10.32,424000
2010-02-01,10.35,10.4,9.91,10.22,10.22,1102400
2010-02-02,10.23,10.39,10.05,10.35,10.35,737500
2010-02-03,10.29,10.39,10.11,10.33,10.33,542100
2010-02-04,10.25,10.27,9.51,9.51,9.51,813100
2010-02-05,9.55,9.82,9.24,9.39,9.39,756800
2010-02-08,9.41,9.55,9.3,9.34,9.34,320000
2010-02-09,9.47,9.76,9.34,9.59,9.59,517700
2010-02-10,9.61,9.99,9.25,9.97,9.97,652500
2010-02-11,9.92,10.27,9.68,10.23,10.23,408800
2010-02-12,10.12,10.36,10.12,10.35,10.35,382800
2010-02-16,10.42,10.44,10.1,10.31,10.31,352600
2010-02-17,10.3,10.38,10.13,10.28,10.28,317000
2010-02-18,10.27,10.59,10.17,10.25,10.25,543800
2010-02-19,10.26,10.26,10.1,10.14,10.14,354400
2010-02-22,10.15,10.23,10.06,10.16,10.16,252000
2010-02-23,10.17,10.34,10.04,10.16,10.16,268300
2010-02-24,10.17,10.44,10.14,10.32,10.32,230200
2010-02-25,10.19,10.48,10.19,10.42,10.42,391100
2010-02-26,10.45,10.49,10.2,10.2,10.2,237400
2010-03-01,10.29,10.84,10.29,10.77,10.77,454200
2010-03-02,10.75,10.89,10.62,10.84,10.84,336800
2010-03-03,11.02,11.37,11.02,11.21,11.21,480400
2010-03-04,11.25,11.35,10.99,11.18,11.18,285400
2010-03-05,11.26,11.78,11.19,11.78,11.78,574200
2010-03-08,11.78,11.94,11.57,11.81,11.81,384400
2010-03-09,11.8,11.95,11.64,11.76,11.76,483300
2010-03-10,11.73,12.15,11.67,11.73,11.73,490800
2010-03-11,11.72,11.87,11.52,11.86,11.86,284400
2010-03-12,11.58,12.02,11.5,11.79,11.79,302300
2010-03-15,11.79,12.36,11.79,12.25,12.25,722700
2010-03-16,12.31,12.31,11.98,12.11,12.11,391100
2010-03-17,12.16,12.3,12.07,12.08,12.08,225200
2010-03-18,12.1,12.21,11.98,12.02,12.02,245200
2010-03-19,12.08,12.19,11.63,11.73,11.73,1532400
2010-03-22,11.6,12.06,11.55,12.0,12.0,324700
2010-03-23,12.0,12.6,11.86,12.59,12.59,582800
2010-03-24,12.56,12.6,12.13,12.17,12.17,266700
2010-03-25,12.22,12.55,11.98,12.0,12.0,336700
2010-03-26,12.09,12.32,11.65,11.66,11.66,394700
2010-03-29,11.72,11.82,11.63,11.74,11.74,229200
2010-03-30,11.72,12.06,11.68,11.99,11.99,459500
2010-03-31,11.98,12.13,11.89,11.94,11.94,388100
2010-04-01,12.05,12.15,11.79,11.98,11.98,360700
2010-04-05,12.0,12.32,11.95,12.23,12.23,417800
2010-04-06,12.14,12.14,11.83,11.86,11.86,640300
2010-04-07,11.81,12.04,11.41,11.54,11.54,767000
2010-04-08,11.51,11.79,11.29,11.7,11.7,320100
2010-04-09,11.73,11.8,11.4,11.54,11.54,336800
2010-04-12,11.59,11.9,11.5,11.63,11.63,555500
2010-04-13,11.67,12.17,11.6,12.05,12.05,752700
2010-04-14,12.1,12.15,11.94,12.0,12.0,504000
2010-04-15,12.05,12.24,11.88,11.97,11.97,558200
2010-04-16,11.96,12.0,11.4,11.52,11.52,933700
2010-04-19,11.46,11.6,11.11,11.39,11.39,694000
2010-04-20,11.43,11.55,11.26,11.48,11.48,399500
2010-04-21,11.59,11.65,11.25,11.35,11.35,368200
2010-04-22,11.23,11.43,10.85,11.41,11.41,460700
2010-04-23,11.45,11.71,11.45,11.69,11.69,354600
2010-04-26,11.71,11.81,11.61,11.62,11.62,222300
2010-04-27,11.55,11.69,11.15,11.32,11.32,484800
2010-04-28,11.41,12.04,11.27,11.93,11.93,794000
2010-04-29,12.03,12.43,11.89,12.38,12.38,493700
2010-04-30,12.33,12.78,12.29,12.6,12.6,788500
2010-05-03,12.63,13.07,12.63,13.04,13.04,822500
2010-05-04,12.84,12.84,12.56,12.78,12.78,1339600
2010-05-05,12.71,12.71,11.51,12.04,12.04,1403000
2010-05-06,11.99,12.25,10.25,11.56,11.56,1063200
2010-05-07,11.46,11.6,10.5,10.61,10.61,1331200
2010-05-10,11.29,12.23,11.18,12.2,12.2,1545300
2010-05-11,12.08,13.0,11.66,12.76,12.76,1185200
2010-05-12,12.77,13.04,12.61,13.01,13.01,847300
2010-05-13,13.0,13.45,13.0,13.18,13.18,987500
2010-05-14,13.06,13.06,12.33,12.65,12.65,820100
2010-05-17,12.73,13.04,12.48,12.88,12.88,822800
2010-05-18,13.02,13.66,12.86,13.14,13.14,1805100
2010-05-19,13.12,13.53,12.8,13.06,13.06,703800
2010-05-20,12.68,12.81,12.06,12.28,12.28,934900
2010-05-21,12.06,13.05,12.01,12.76,12.76,1156300
2010-05-24,12.71,13.02,12.49,12.51,12.51,374800
2010-05-25,12.13,12.76,11.85,12.69,12.69,724900
2010-05-26,12.75,13.11,12.53,12.57,12.57,540200
2010-05-27,12.93,13.05,12.64,13.05,13.05,399400
2010-05-28,12.99,13.41,12.69,13.23,13.23,855100
2010-06-01,13.07,13.39,12.87,12.9,12.9,595400
2010-06-02,13.04,13.3,12.6,13.3,13.3,1155300
2010-06-03,13.36,13.52,13.0,13.5,13.5,586200
2010-06-04,13.06,13.26,12.38,12.38,12.38,1242000
2010-06-07,12.41,12.51,11.8,11.86,11.86,865000
2010-06-08,11.88,12.04,11.78,11.9,11.9,1271000
2010-06-09,12.18,12.81,12.01,12.07,12.07,896600
2010-06-10,12.34,12.49,12.0,12.48,12.48,1083600
2010-06-11,12.33,13.0,12.26,12.99,12.99,732800
2010-06-14,13.16,13.3,12.85,12.9,12.9,735300
2010-06-15,13.04,13.46,12.9,13.4,13.4,658900
2010-06-16,13.3,13.68,13.3,13.43,13.43,409100
2010-06-17,13.57,13.6,13.07,13.44,13.44,405500
2010-06-18,13.5,13.52,12.83,12.96,12.96,2047500
2010-06-21,13.21,13.39,12.7,12.78,12.78,467100
2010-06-22,12.87,13.2,12.67,12.69,12.69,363900
2010-06-23,12.63,13.06,12.6,12.84,12.84,375100
2010-06-24,12.71,12.94,12.57,12.59,12.59,352100
2010-06-25,12.66,12.91,12.47,12.8,12.8,798700
2010-06-28,12.8,12.98,12.68,12.7,12.7,272200
2010-06-29,12.45,12.59,12.01,12.07,12.07,507100
2010-06-30,12.04,12.37,11.99,11.99,11.99,398500
2010-07-01,11.99,11.99,11.27,11.77,11.77,707700
2010-07-02,11.9,12.21,11.63,11.84,11.84,326000
2010-07-06,12.04,12.28,11.65,11.72,11.72,514900
2010-07-07,11.75,12.15,11.63,12.11,12.11,463300
2010-07-08,12.22,12.31,12.02,12.28,12.28,327300
2010-07-09,12.29,12.62,12.17,12.52,12.52,679000
2010-07-12,12.43,12.62,12.13,12.2,12.2,470400
2010-07-13,12.43,12.43,12.18,12.3,12.3,731700
2010-07-14,12.21,12.35,12.05,12.3,12.3,280400
2010-07-15,12.29,12.41,12.15,12.3,12.3,187700
2010-07-16,12.16,12.17,11.66,11.79,11.79,575200
2010-07-19,11.78,11.98,11.46,11.75,11.75,393300
2010-07-20,11.54,11.81,11.34,11.75,11.75,314500
2010-07-21,11.82,11.88,11.46,11.56,11.56,384200
2010-07-22,11.78,12.19,11.58,12.14,12.14,844700
2010-07-23,12.05,12.65,11.92,12.48,12.48,603500
2010-07-26,12.5,13.11,12.2,13.0,13.0,386600
2010-07-27,13.07,13.23,12.6,12.8,12.8,416200
2010-07-28,12.8,13.3,12.15,12.28,12.28,860400
2010-07-29,12.38,12.59,11.67,12.01,12.01,385000
2010-07-30,11.78,12.43,11.73,12.18,12.18,625600
2010-08-02,12.46,12.77,12.25,12.46,12.46,787700
2010-08-03,12.43,12.82,12.42,12.6,12.6,451400
2010-08-04,12.65,12.93,12.63,12.75,12.75,495600
2010-08-05,12.65,12.74,12.14,12.2,12.2,403800
2010-08-06,12.03,12.35,11.81,12.27,12.27,343900
2010-08-09,12.4,12.81,12.25,12.77,12.77,465400
2010-08-10,12.6,12.81,12.36,12.64,12.64,419800
2010-08-11,12.32,12.5,11.9,11.99,11.99,641400
2010-08-12,11.82,12.32,11.7,12.14,12.14,424100
2010-08-13,12.05,12.32,11.89,11.97,11.97,342000
2010-08-16,11.94,12.24,11.85,12.01,12.01,534600
2010-08-17,12.14,12.28,11.91,12.07,12.07,491500
2010-08-18,12.11,12.22,11.83,11.91,11.91,655300
2010-08-19,11.84,11.9,11.4,11.44,11.44,1178400
2010-08-20,11.36,11.87,11.35,11.69,11.69,861800
2010-08-23,11.76,11.84,11.57,11.67,11.67,443500
2010-08-24,11.44,11.79,11.39,11.7,11.7,526000
2010-08-25,11.58,12.06,11.56,12.0,12.0,549600
2010-08-26,12.09,12.09,11.63,11.65,11.65,820100
2010-08-27,11.84,12.09,11.6,12.0,12.0,836600
2010-08-30,11.97,12.04,11.55,11.56,11.56,536400
2010-08-31,11.61,11.69,11.36,11.45,11.45,611100
2010-09-01,11.63,11.66,11.47,11.55,11.55,719900
2010-09-02,11.71,12.15,11.48,12.11,12.11,775700
2010-09-03,12.23,12.46,12.16,12.41,12.41,569400
2010-09-07,12.36,12.39,11.95,11.99,11.99,351300
2010-09-08,12.06,12.44,12.06,12.44,12.44,453800
2010-09-09,12.51,12.69,12.37,12.47,12.47,270100
2010-09-10,12.48,12.8,12.34,12.72,12.72,432800
2010-09-13,12.29,12.7,12.1,12.2,12.2,3339100
2010-09-14,12.08,12.29,11.96,12.09,12.09,1020500
2010-09-15,12.05,12.23,11.99,12.04,12.04,895700
2010-09-16,12.0,12.05,11.9,11.97,11.97,721200
2010-09-17,12.03,12.19,11.82,11.97,11.97,2461000
2010-09-20,12.0,12.04,11.81,11.98,11.98,1552100
2010-09-21,11.98,12.06,11.88,11.96,11.96,1220000
2010-09-22,11.9,12.11,11.8,11.9,11.9,762100
2010-09-23,11.8,11.96,11.65,11.75,11.75,799800
2010-09-24,11.93,12.2,11.83,12.16,12.16,1226900
2010-09-27,13.75,15.08,13.66,14.3,14.3,12178900
2010-09-28,14.49,14.5,13.68,14.11,14.11,2783600
2010-09-29,14.49,15.2,14.31,15.08,15.08,4394600
2010-09-30,15.09,15.68,15.05,15.53,15.53,2069500
2010-10-01,15.81,16.02,15.6,15.97,15.97,2308500
2010-10-04,15.97,16.55,15.85,16.29,16.29,2222500
2010-10-05,16.49,16.5,16.05,16.37,16.37,1357800
2010-10-06,16.29,16.32,15.8,16.05,16.05,1306400
2010-10-07,16.21,16.43,15.99,16.32,16.32,667500
2010-10-08,16.4,16.8,16.37,16.77,16.77,874900
2010-10-11,16.95,18.05,16.43,16.8,16.8,4073300
2010-10-12,16.8,17.31,16.7,17.19,17.19,1408300
2010-10-13,17.34,17.74,16.99,17.17,17.17,1377800
2010-10-14,17.31,17.34,16.8,16.99,16.99,1637900
2010-10-15,17.2,17.2,16.66,17.04,17.04,1179800
2010-10-18,17.13,17.36,16.9,17.35,17.35,604600
2010-10-19,17.09,17.56,17.0,17.29,17.29,1208100
2010-10-20,17.34,17.53,16.86,16.89,16.89,821600
2010-10-21,17.03,17.34,16.72,16.93,16.93,817700
2010-10-22,17.02,17.23,16.81,16.98,16.98,507300
2010-10-25,17.1,17.2,16.9,16.94,16.94,672200
2010-10-26,16.85,17.0,16.65,16.75,16.75,676600
2010-10-27,16.69,17.02,16.28,16.67,16.67,806800
2010-10-28,16.82,16.95,16.39,16.48,16.48,882600
2010-10-29,16.42,16.61,16.36,16.41,16.41,687600
2010-11-01,16.04,16.05,15.2,15.63,15.63,1653600
2010-11-02,15.17,15.34,14.01,14.14,14.14,3893400
2010-11-03,14.5,14.76,14.13,14.42,14.42,2433300
2010-11-04,14.57,14.89,14.57,14.83,14.83,1286800
2010-11-05,14.92,15.05,14.56,14.71,14.71,805000
2010-11-08,14.59,14.79,14.51,14.65,14.65,774500
2010-11-09,14.5,14.75,14.15,14.27,14.27,1103100
2010-11-10,14.3,14.45,14.05,14.34,14.34,702100
2010-11-11,14.16,14.46,14.08,14.26,14.26,585100
2010-11-12,14.17,14.28,14.05,14.12,14.12,551300
2010-11-15,14.15,14.31,13.97,14.01,14.01,537400
2010-11-16,13.9,14.03,13.7,13.77,13.77,624800
2010-11-17,13.83,14.15,13.78,14.01,14.01,852900
2010-11-18,14.17,14.7,14.15,14.61,14.61,957000
2010-11-19,14.6,14.76,14.33,14.66,14.66,796900
2010-11-22,14.65,15.05,14.55,14.98,14.98,996700
2010-11-23,14.78,15.1,14.64,14.78,14.78,864000
2010-11-24,14.86,15.19,14.86,15.18,15.18,478500
2010-11-26,15.0,15.25,14.84,15.21,15.21,226400
2010-11-29,15.16,15.18,14.81,15.17,15.17,567200
2010-11-30,15.05,15.3,14.86,15.1,15.1,786500
2010-12-01,15.44,15.78,15.07,15.22,15.22,1017900
2010-12-02,15.29,15.92,15.21,15.88,15.88,1199500
2010-12-03,15.84,16.37,15.82,15.87,15.87,1143200
2010-12-06,15.94,15.96,14.82,15.23,15.23,2171800
2010-12-07,15.35,15.58,15.07,15.21,15.21,995300
2010-12-08,15.3,15.34,14.86,15.04,15.04,553000
2010-12-09,15.25,15.31,14.97,15.29,15.29,474200
2010-12-10,15.28,15.28,14.97,15.18,15.18,538900
2010-12-13,15.31,15.9,15.31,15.63,15.63,1266500
2010-12-14,15.64,15.9,15.63,15.8,15.8,858600
2010-12-15,15.83,16.31,15.67,15.84,15.84,860000
2010-12-16,15.85,16.07,15.5,16.06,16.06,515900
2010-12-17,16.05,16.05,15.62,15.73,15.73,1315100
2010-12-20,15.82,15.9,15.27,15.35,15.35,871800
2010-12-21,15.44,15.7,15.23,15.43,15.43,981700
2010-12-22,15.5,15.69,15.23,15.3,15.3,486700
2010-12-23,15.4,15.82,15.4,15.73,15.73,734900
2010-12-27,15.81,15.93,15.31,15.71,15.71,470600
2010-12-28,15.72,15.75,15.45,15.51,15.51,365900
2010-12-29,15.59,15.68,15.48,15.48,15.48,333600
2010-12-30,15.52,15.55,15.32,15.34,15.34,379800
2010-12-31,15.34,15.44,14.94,14.95,14.95,583000
2011-01-03,15.2,15.66,15.2,15.59,15.59,952300
2011-01-04,15.69,15.69,15.32,15.34,15.34,619900
2011-01-05,15.4,15.57,15.23,15.54,15.54,665200
2011-01-06,15.63,15.95,15.54,15.74,15.74,958400
2011-01-07,15.89,15.93,15.33,15.59,15.59,617300
2011-01-10,15.48,15.85,15.32,15.82,15.82,584200
2011-01-11,15.85,16.95,15.63,16.83,16.83,3383200
2011-01-12,16.99,17.06,16.6,17.03,17.03,784300
2011-01-13,17.08,17.45,16.97,17.23,17.23,875600
2011-01-14,17.32,17.34,16.95,17.15,17.15,550700
2011-01-18,17.17,17.31,16.8,16.91,16.91,609400
2011-01-19,16.51,16.97,16.05,16.11,16.11,1064000
2011-01-20,16.06,16.2,15.65,15.73,15.73,1138300
2011-01-21,15.79,16.17,15.51,15.73,15.73,904500
2011-01-24,15.65,16.28,15.62,16.26,16.26,623900
2011-01-25,16.2,16.23,15.82,16.22,16.22,591900
2011-01-26,16.27,16.8,16.17,16.76,16.76,995900
2011-01-27,16.7,17.39,16.56,17.07,17.07,1546000
2011-01-28,16.97,17.01,16.0,16.16,16.16,1332100
2011-01-31,16.24,16.53,16.18,16.39,16.39,690100
2011-02-01,16.47,16.47,16.16,16.17,16.17,730700
2011-02-02,15.93,16.05,15.49,15.55,15.55,5292600
2011-02-03,15.55,15.85,15.34,15.58,15.58,1595100
2011-02-04,15.65,15.96,15.6,15.69,15.69,961300
2011-02-07,15.91,16.15,15.78,15.85,15.85,1212700
2011-02-08,15.89,16.0,15.8,15.92,15.92,629200
2011-02-09,15.9,16.0,15.07,15.4,15.4,1893500
2011-02-10,15.37,15.52,15.16,15.43,15.43,654000
2011-02-11,15.45,15.57,15.19,15.39,15.39,744300
2011-02-14,15.42,15.52,15.05,15.21,15.21,865100
2011-02-15,15.18,15.21,14.85,15.21,15.21,1083300
2011-02-16,15.24,15.25,14.97,15.01,15.01,1089500
2011-02-17,15.27,15.43,14.92,15.35,15.35,1117000
2011-02-18,15.36,15.36,15.01,15.26,15.26,736500
2011-02-22,15.06,15.21,14.75,14.86,14.86,847100
2011-02-23,14.84,15.04,14.51,14.67,14.67,704200
2011-02-24,14.59,14.91,14.51,14.86,14.86,1028000
2011-02-25,15.01,15.22,14.96,15.16,15.16,862800
2011-02-28,15.3,15.35,14.77,14.85,14.85,2118700
2011-03-01,14.66,14.97,14.51,14.74,14.74,1360100
2011-03-02,14.67,15.07,14.63,14.99,14.99,908300
2011-03-03,15.16,15.16,14.82,15.01,15.01,866800
2011-03-04,15.08,15.19,14.84,14.88,14.88,890400
2011-03-07,15.03,15.11,14.55,14.8,14.8,718300
2011-03-08,14.91,15.1,14.63,14.93,14.93,940700
2011-03-09,14.94,15.0,14.65,14.77,14.77,792100
2011-03-10,14.6,14.93,14.25,14.3,14.3,913100
2011-03-11,14.28,14.53,14.25,14.35,14.35,565000
2011-03-14,14.29,14.76,14.27,14.6,14.6,866100
2011-03-15,14.23,14.96,14.2,14.78,14.78,1098400
2011-03-16,14.67,15.0,14.21,14.26,14.26,1052300
2011-03-17,14.43,14.48,13.94,13.95,13.95,904900
2011-03-18,14.04,14.29,14.02,14.28,14.28,1105300
2011-03-21,14.38,14.88,14.38,14.55,14.55,859300
2011-03-22,14.83,14.87,14.44,14.57,14.57,509500
2011-03-23,14.57,14.57,14.25,14.51,14.51,525900
2011-03-24,14.6,14.84,14.5,14.79,14.79,600000
2011-03-25,14.91,14.96,14.63,14.67,14.67,916400
2011-03-28,14.7,14.82,14.56,14.64,14.64,1166900
2011-03-29,14.66,15.01,14.47,15.0,15.0,1277500
2011-03-30,15.1,15.49,15.07,15.28,15.28,937600
2011-03-31,15.29,15.58,15.03,15.57,15.57,984600
2011-04-01,15.61,15.67,15.34,15.5,15.5,895500
2011-04-04,15.58,15.92,15.53,15.72,15.72,647700
2011-04-05,15.73,16.23,15.65,16.15,16.15,1857800
2011-04-06,16.26,16.44,15.87,16.13,16.13,1081300
2011-04-07,16.12,16.31,15.84,15.86,15.86,675400
2011-04-08,15.99,15.99,15.53,15.76,15.76,762200
2011-04-11,15.73,15.93,15.62,15.86,15.86,537400
2011-04-12,15.7,15.93,15.54,15.84,15.84,735100
2011-04-13,15.85,15.91,15.57,15.6,15.6,799400
2011-04-14,15.54,15.61,15.0,15.45,15.45,1056600
2011-04-15,15.39,15.75,15.39,15.63,15.63,1085300
2011-04-18,15.52,15.6,14.86,15.21,15.21,1057500
2011-04-19,15.23,15.31,14.89,15.0,15.0,916700
2011-04-20,15.21,15.51,15.02,15.51,15.51,766000
2011-04-21,15.63,15.76,15.57,15.64,15.64,580000
2011-04-25,15.69,15.9,15.47,15.89,15.89,779700
2011-04-26,15.93,15.93,15.58,15.72,15.72,892600
2011-04-27,15.72,16.36,15.72,16.34,16.34,1007000
2011-04-28,16.2,16.49,15.78,16.45,16.45,1200000
2011-04-29,16.5,16.97,16.44,16.61,16.61,1181200
2011-05-02,17.3,17.64,16.72,16.84,16.84,2184300
2011-05-03,16.85,17.23,16.79,16.96,16.96,1800000
2011-05-04,16.89,17.03,16.56,16.71,16.71,1224000
2011-05-05,16.59,16.7,16.25,16.43,16.43,1100000
2011-05-06,16.7,17.29,16.56,17.03,17.03,1626800
2011-05-09,17.35,17.79,17.16,17.79,17.79,1343500
2011-05-10,17.79,17.8,17.38,17.56,17.56,1266400
2011-05-11,17.59,17.77,17.31,17.44,17.44,818600
2011-05-12,17.31,17.72,17.01,17.71,17.71,836000
2011-05-13,17.77,18.05,17.6,18.02,18.02,1385900
2011-05-16,17.96,18.6,17.84,18.07,18.07,2108100
2011-05-17,18.0,18.49,17.88,18.4,18.4,2129500
2011-05-18,18.48,18.7,18.17,18.65,18.65,1708200
2011-05-19,18.71,19.1,18.65,18.98,18.98,1327100
2011-05-20,19.04,19.24,18.77,19.02,19.02,1405000
2011-05-23,18.97,18.97,18.45,18.8,18.8,1604000
2011-05-24,18.83,18.84,18.62,18.66,18.66,1233600
2011-05-25,18.66,19.08,18.5,18.94,18.94,1501100
2011-05-26,19.01,19.32,18.85,19.3,19.3,754100
2011-05-27,19.33,19.59,19.33,19.52,19.52,777300
2011-05-31,19.75,19.8,18.96,19.37,19.37,1849600
2011-06-01,19.45,19.48,18.99,19.04,19.04,1343300
2011-06-02,19.01,19.3,18.93,19.3,19.3,913300
2011-06-03,18.96,19.08,18.78,18.94,18.94,1137200
2011-06-06,19.05,19.43,19.0,19.37,19.37,2024800
2011-06-07,19.54,20.0,19.31,19.51,19.51,1213700
2011-06-08,19.41,19.62,19.15,19.56,19.56,1121500
2011-06-09,19.6,20.0,19.35,19.85,19.85,1325600
2011-06-10,19.69,19.83,19.37,19.4,19.4,1431100
2011-06-13,19.46,19.81,19.35,19.53,19.53,1406600
2011-06-14,19.71,19.85,19.46,19.54,19.54,1270300
2011-06-15,19.36,19.79,19.25,19.34,19.34,1118100
2011-06-16,19.29,19.62,18.72,19.55,19.55,2632700
2011-06-17,19.67,19.75,19.24,19.5,19.5,3019900
2011-06-20,19.47,20.46,19.4,20.02,20.02,2211700
2011-06-21,20.14,20.2,19.79,20.0,20.0,1075500
2011-06-22,19.95,20.2,19.9,20.01,20.01,1226300
2011-06-23,19.83,20.28,19.62,20.22,20.22,1139000
2011-06-24,20.47,20.82,20.36,20.7,20.7,1802800
2011-06-27,20.69,20.73,20.34,20.55,20.55,1055600
2011-06-28,20.71,21.41,20.57,21.34,21.34,1664400
2011-06-29,21.29,21.37,20.91,21.09,21.09,1260300
2011-06-30,21.14,21.14,20.5,20.52,20.52,1381500
2011-07-01,20.63,20.89,20.31,20.86,20.86,1258200
2011-07-05,20.88,21.12,20.65,20.88,20.88,732900
2011-07-06,20.9,21.15,20.55,20.68,20.68,1296400
2011-07-07,20.93,20.93,20.46,20.63,20.63,1805700
2011-07-08,20.5,21.13,20.35,21.08,21.08,1618200
2011-07-11,20.4,20.84,20.25,20.54,20.54,3282200
2011-07-12,20.05,20.2,19.51,19.8,19.8,5523600
2011-07-13,19.9,20.45,19.8,20.33,20.33,2680400
2011-07-14,20.33,20.33,20.33,20.33,20.33,0
2011-07-15,18.98,19.0,17.91,18.87,18.87,7789200
2011-07-18,18.8,18.82,17.86,17.9,17.9,3003600
2011-07-19,18.02,18.02,17.51,18.0,18.0,3455100
2011-07-20,17.95,18.09,17.74,17.84,17.84,1532600
2011-07-21,17.97,18.14,17.75,17.98,17.98,1945600
2011-07-22,18.08,18.2,17.74,17.91,17.91,913000
2011-07-25,17.75,17.99,17.43,17.63,17.63,1409500
2011-07-26,17.77,17.87,17.28,17.31,17.31,996900
2011-07-27,17.25,17.29,16.56,16.72,16.72,2521000
2011-07-28,16.77,17.07,16.58,16.62,16.62,1240400
2011-07-29,16.51,17.13,16.17,17.03,17.03,1861300
2011-08-01,17.37,17.6,16.32,16.45,16.45,2046000
2011-08-02,16.42,16.65,15.53,15.71,15.71,2130200
2011-08-03,15.79,15.99,14.91,15.83,15.83,1762200
2011-08-04,15.4,15.62,14.24,14.34,14.34,3245300
2011-08-05,14.4,14.9,13.07,13.84,13.84,2665000
2011-08-08,13.01,13.33,12.29,12.74,12.74,4952500
2011-08-09,13.02,13.49,12.47,13.48,13.48,2766300
2011-08-10,13.26,13.39,12.46,12.67,12.67,3374900
2011-08-11,12.67,13.86,12.52,13.61,13.61,3010500
2011-08-12,13.8,14.31,13.67,13.93,13.93,1700900
2011-08-15,14.13,15.46,14.13,15.37,15.37,3090700
2011-08-16,15.35,15.42,14.96,15.3,15.3,2302800
2011-08-17,15.43,15.54,14.67,14.8,14.8,1730600
2011-08-18,14.39,14.4,13.62,13.95,13.95,2400100
2011-08-19,13.77,15.93,13.61,15.04,15.04,8441300
2011-08-22,15.3,15.36,14.04,14.73,14.73,7320400
2011-08-23,14.82,15.24,14.3,15.16,15.16,2572300
2011-08-24,15.18,15.54,14.97,15.46,15.46,1482000
2011-08-25,15.56,15.7,15.19,15.62,15.62,2487400
2011-08-26,15.74,16.76,15.45,16.66,16.66,4050400
2011-08-29,16.81,17.28,16.68,17.28,17.28,2317100
2011-08-30,17.06,17.99,16.9,17.9,17.9,2223400
2011-08-31,18.06,18.43,17.07,17.39,17.39,2678900
2011-09-01,17.49,17.59,16.69,16.84,16.84,1333200
2011-09-02,16.73,17.34,16.32,16.75,16.75,1635800
2011-09-06,16.23,17.73,16.11,17.72,17.72,2492900
2011-09-07,17.98,18.07,17.63,17.88,17.88,1703400
2011-09-08,17.7,18.37,17.69,17.96,17.96,1876300
2011-09-09,18.08,18.17,17.05,17.4,17.4,1501000
2011-09-12,17.14,17.58,16.85,17.53,17.53,1387400
2011-09-13,17.5,18.4,17.5,18.36,18.36,2052800
2011-09-14,18.47,18.69,18.05,18.45,18.45,1557500
2011-09-15,18.67,18.88,18.35,18.72,18.72,1485400
2011-09-16,18.66,18.66,18.03,18.28,18.28,2098700
2011-09-19,18.0,19.47,17.86,19.03,19.03,2037800
2011-09-20,19.06,20.08,18.99,19.67,19.67,2553300
2011-09-21,19.86,20.57,19.53,20.05,20.05,2625400
2011-09-22,19.32,20.18,19.12,19.42,19.42,2518400
2011-09-23,19.39,20.0,19.26,19.54,19.54,1465200
2011-09-26,19.86,19.86,18.91,19.49,19.49,1162100
2011-09-27,19.93,20.0,19.43,19.67,19.67,1395100
2011-09-28,19.64,19.9,18.81,18.81,18.81,1589200
2011-09-29,19.02,19.09,17.76,18.55,18.55,2323700
2011-09-30,18.38,19.68,18.12,19.04,19.04,2820900
2011-10-03,18.84,19.55,18.51,19.13,19.13,3158000
2011-10-04,18.85,20.67,18.65,20.34,20.34,4977800
2011-10-05,19.8,21.2,19.8,20.75,20.75,3694900
2011-10-06,20.75,21.58,20.41,21.41,21.41,2626900
2011-10-07,21.38,22.37,20.97,21.52,21.52,3462400
2011-10-10,21.74,22.0,20.93,21.3,21.3,2700600
2011-10-11,21.15,21.57,20.98,21.32,21.32,2650900
2011-10-12,21.48,21.48,20.75,20.82,20.82,2607800
2011-10-13,20.74,21.0,20.05,20.89,20.89,2482500
2011-10-14,21.13,21.13,20.54,20.87,20.87,1209500
2011-10-17,20.63,20.77,20.09,20.33,20.33,1271200
2011-10-18,20.3,20.69,20.09,20.54,20.54,1390800
2011-10-19,20.5,21.06,20.2,20.34,20.34,3338700
2011-10-20,20.51,20.92,20.13,20.47,20.47,1533400
2011-10-21,20.86,20.95,20.43,20.94,20.94,1154100
2011-10-24,20.9,21.07,20.75,20.99,20.99,1631400
2011-10-25,20.89,21.25,20.62,20.65,20.65,1480000
2011-10-26,20.93,21.3,20.37,21.08,21.08,1333500
2011-10-27,21.25,22.3,21.16,22.02,22.02,1732400
2011-10-28,21.92,22.23,21.86,22.0,22.0,874900
2011-10-31,22.0,22.31,21.91,22.0,22.0,1642700
2011-11-01,21.42,22.14,21.13,21.73,21.73,2383800
2011-11-02,22.0,22.32,21.45,22.28,22.28,2351400
2011-11-03,22.4,22.4,21.74,21.96,21.96,2284700
2011-11-04,18.9,19.07,17.89,18.01,18.01,8648300
2011-11-07,18.05,18.05,16.5,16.69,16.69,6380800
2011-11-08,16.71,17.34,16.52,17.12,17.12,3221400
2011-11-09,16.73,17.03,16.03,16.09,16.09,2462900
2011-11-10,16.22,16.6,16.0,16.21,16.21,1783600
2011-11-11,16.56,16.7,16.37,16.52,16.52,900100
2011-11-14,16.53,16.58,15.98,16.2,16.2,1148400
2011-11-15,16.15,16.25,15.93,16.07,16.07,1182700
2011-11-16,15.98,16.3,15.8,15.88,15.88,1098400
2011-11-17,15.84,16.08,15.36,15.58,15.58,1362900
2011-11-18,15.54,15.6,15.22,15.27,15.27,1423300
2011-11-21,14.98,15.52,14.94,15.4,15.4,1211900
2011-11-22,14.61,15.78,14.61,15.68,15.68,1630700
2011-11-23,15.5,15.64,14.85,15.02,15.02,1666700
2011-11-25,14.98,15.34,14.98,15.02,15.02,451000
2011-11-28,15.48,16.2,15.25,16.16,16.16,1895100
2011-11-29,16.17,16.17,15.51,15.61,15.61,1499200
2011-11-30,15.95,16.64,15.85,16.63,16.63,1712800
2011-12-01,16.52,16.55,15.66,16.44,16.44,2386800
2011-12-02,16.63,16.63,16.09,16.41,16.41,1202600
2011-12-05,16.75,16.85,16.51,16.71,16.71,938600
2011-12-06,16.69,17.26,16.57,17.2,17.2,1330800
2011-12-07,17.03,17.24,16.51,17.1,17.1,1041500
2011-12-08,17.07,18.36,16.77,17.98,17.98,2691800
2011-12-09,17.64,18.2,17.64,18.09,18.09,1353600
2011-12-12,17.8,17.97,16.75,17.16,17.16,3381900
2011-12-13,17.17,17.4,16.68,17.02,17.02,1618800
2011-12-14,16.89,17.06,16.41,16.61,16.61,2169800
2011-12-15,16.8,16.89,16.05,16.13,16.13,1938900
2011-12-16,16.33,16.79,16.05,16.38,16.38,2185200
2011-12-19,16.55,16.68,16.2,16.36,16.36,1289500
2011-12-20,16.54,16.89,16.2,16.79,16.79,1778900
2011-12-21,16.82,16.94,16.21,16.83,16.83,1119800
2011-12-22,16.82,17.0,16.62,16.7,16.7,727000
2011-12-23,16.82,16.89,16.48,16.59,16.59,573100
2011-12-27,16.57,17.0,16.54,16.86,16.86,688700
2011-12-28,16.95,16.97,16.35,16.38,16.38,787000
2011-12-29,16.39,16.72,16.32,16.68,16.68,748800
2011-12-30,16.66,16.85,16.46,16.72,16.72,667900
2012-01-03,16.88,16.94,16.34,16.4,16.4,1004200
2012-01-04,16.41,16.69,16.36,16.49,16.49,860900
2012-01-05,16.42,17.95,16.35,17.41,17.41,2517300
2012-01-06,17.53,17.86,17.38,17.42,17.42,1313800
2012-01-09,17.85,18.19,17.33,17.43,17.43,1288600
2012-01-10,17.56,17.8,17.25,17.65,17.65,758300
2012-01-11,18.03,18.8,17.9,18.39,18.39,2364700
2012-01-12,18.41,18.51,17.6,18.44,18.44,1718600
2012-01-13,17.25,17.75,16.86,17.65,17.65,2592500
2012-01-17,17.65,17.71,16.75,17.51,17.51,1617800
2012-01-18,17.49,18.08,17.11,17.95,17.95,1025800
2012-01-19,17.98,18.15,17.73,17.79,17.79,655700
2012-01-20,17.78,18.1,17.52,17.61,17.61,827300
2012-01-23,17.62,17.93,17.62,17.69,17.69,632700
2012-01-24,17.66,18.0,17.57,17.94,17.94,780700
2012-01-25,17.96,18.44,17.82,18.33,18.33,1398000
2012-01-26,18.49,19.3,18.27,18.5,18.5,2390100
2012-01-27,18.54,19.83,18.53,19.61,19.61,3216300
2012-01-30,19.57,19.78,18.73,19.02,19.02,1582900
2012-01-31,19.13,19.35,18.8,18.93,18.93,1256600
2012-02-01,19.04,19.25,18.98,19.19,19.19,1287400
2012-02-02,19.14,19.56,19.04,19.32,19.32,608500
2012-02-03,19.68,19.77,19.02,19.53,19.53,1235000
2012-02-06,19.43,20.0,19.43,19.85,19.85,1688500
2012-02-07,19.93,19.93,19.29,19.36,19.36,1219400
2012-02-08,19.4,19.66,18.75,19.01,19.01,1627600
2012-02-09,19.0,19.12,18.72,18.88,18.88,870300
2012-02-10,18.72,18.99,18.4,18.6,18.6,1005700
2012-02-13,18.8,19.27,18.75,18.96,18.96,1652600
2012-02-14,17.95,18.54,17.52,17.94,17.94,4168900
2012-02-15,18.07,18.14,17.68,17.81,17.81,1345300
2012-02-16,17.91,18.27,17.91,18.22,18.22,1150400
2012-02-17,18.29,18.31,17.68,17.71,17.71,805000
2012-02-21,17.77,18.05,17.65,17.66,17.66,1181500
2012-02-22,17.61,17.84,17.49,17.64,17.64,656900
2012-02-23,17.69,18.15,17.48,18.05,18.05,1140200
2012-02-24,18.09,18.25,17.5,17.57,17.57,986700
2012-02-27,17.51,18.25,17.5,18.13,18.13,1024000
2012-02-28,18.15,18.82,18.04,18.55,18.55,1708700
2012-02-29,18.61,18.89,18.21,18.46,18.46,1209500
2012-03-01,18.52,18.65,17.82,18.22,18.22,1541000
2012-03-02,18.16,18.58,18.0,18.08,18.08,1181600
2012-03-05,18.03,18.17,17.78,18.07,18.07,830700
2012-03-06,18.01,18.24,17.43,17.49,17.49,911000
2012-03-07,17.5,17.77,17.37,17.62,17.62,612500
2012-03-08,17.75,18.21,17.75,18.0,18.0,1537400
2012-03-09,17.96,18.15,17.74,17.93,17.93,871100
2012-03-12,17.89,18.0,17.59,17.93,17.93,692300
2012-03-13,18.06,19.04,18.0,18.74,18.74,1111000
2012-03-14,18.72,18.99,18.53,18.71,18.71,639100
2012-03-15,18.77,19.29,18.77,19.21,19.21,769200
2012-03-16,19.6,19.75,18.88,19.57,19.57,2154200
2012-03-19,19.84,20.18,19.42,20.04,20.04,890600
2012-03-20,19.99,20.1,19.71,19.77,19.77,742200
2012-03-21,19.89,20.0,19.34,19.89,19.89,1133300
2012-03-22,19.7,19.85,19.51,19.55,19.55,958100
2012-03-23,19.56,19.66,19.29,19.43,19.43,932500
2012-03-26,19.58,20.62,19.5,20.57,20.57,1367700
2012-03-27,20.62,20.88,20.17,20.78,20.78,1614100
2012-03-28,20.84,21.04,19.85,20.01,20.01,1562300
2012-03-29,19.82,20.26,19.69,20.09,20.09,844600
2012-03-30,20.29,20.59,19.75,20.38,20.38,908800
2012-04-02,20.36,20.88,20.19,20.83,20.83,870600
2012-04-03,20.77,20.87,20.57,20.67,20.67,632800
2012-04-04,20.56,20.56,19.56,19.91,19.91,853500
2012-04-05,19.78,20.13,19.37,19.52,19.52,1089700
2012-04-09,19.26,19.44,19.0,19.14,19.14,645100
2012-04-10,19.1,19.25,18.2,18.39,18.39,1427900
2012-04-11,18.59,18.91,18.32,18.77,18.77,943800
2012-04-12,18.79,19.13,18.68,19.08,19.08,914800
2012-04-13,18.95,18.97,18.33,18.5,18.5,775400
2012-04-16,18.51,18.75,18.0,18.28,18.28,1004800
2012-04-17,18.45,19.02,18.24,18.82,18.82,927900
2012-04-18,18.68,18.75,18.39,18.5,18.5,617200
2012-04-19,18.47,19.4,18.47,19.32,19.32,1729800
2012-04-20,19.51,19.65,19.12,19.52,19.52,1535800
2012-04-23,19.19,19.51,18.95,19.44,19.44,897200
2012-04-24,19.35,19.65,19.16,19.3,19.3,878000
2012-04-25,19.5,19.96,19.37,19.86,19.86,1103200
2012-04-26,19.75,20.11,19.5,19.52,19.52,1069500
2012-04-27,19.5,19.88,19.01,19.86,19.86,993500
2012-04-30,19.76,20.2,19.64,19.77,19.77,929900
2012-05-01,19.8,19.94,19.38,19.74,19.74,942000
2012-05-02,19.54,19.85,19.41,19.79,19.79,1103000
2012-05-03,19.8,19.8,19.35,19.45,19.45,725200
2012-05-04,19.3,19.36,19.07,19.14,19.14,870600
2012-05-07,19.01,19.4,18.83,19.2,19.2,980000
2012-05-08,19.0,19.39,18.85,19.03,19.03,1602700
2012-05-09,17.44,19.58,17.09,18.77,18.77,4022800
2012-05-10,18.87,19.75,18.64,19.09,19.09,1600000
2012-05-11,18.9,19.74,18.8,19.58,19.58,1050200
2012-05-14,19.4,19.73,19.0,19.45,19.45,671100
2012-05-15,19.41,20.17,19.41,20.07,20.07,1141800
2012-05-16,20.17,20.8,20.06,20.38,20.38,1425200
2012-05-17,20.39,20.55,20.21,20.3,20.3,1512500
2012-05-18,20.29,21.99,20.02,20.06,20.06,2919600
2012-05-21,20.1,21.57,20.0,21.43,21.43,1755000
2012-05-22,21.37,21.46,20.2,20.42,20.42,1415300
2012-05-23,20.23,20.69,20.11,20.44,20.44,1159200
2012-05-24,20.48,20.97,20.22,20.65,20.65,820100
2012-05-25,20.51,20.78,20.31,20.57,20.57,620500
2012-05-29,20.7,20.71,19.95,20.05,20.05,1254100
2012-05-30,19.88,20.15,19.76,19.79,19.79,1227500
2012-05-31,19.79,19.82,19.22,19.48,19.48,1337500
2012-06-01,19.37,19.6,19.03,19.11,19.11,1283300
2012-06-04,19.27,19.95,19.17,19.82,19.82,1002900
2012-06-05,19.75,21.03,19.56,20.87,20.87,1622300
2012-06-06,21.19,22.0,21.1,21.99,21.99,1839400
2012-06-07,22.01,22.55,21.3,22.41,22.41,2809600
2012-06-08,22.29,23.79,21.97,23.52,23.52,3923300
2012-06-11,23.4,23.4,22.77,22.9,22.9,1872100
2012-06-12,23.07,24.43,22.8,24.24,24.24,2504700
2012-06-13,24.32,24.63,23.84,24.53,24.53,1783800
2012-06-14,24.41,25.24,24.25,25.23,25.23,1702700
2012-06-15,25.17,25.78,25.15,25.61,25.61,2029300
2012-06-18,25.36,26.02,25.3,25.4,25.4,1513300
2012-06-19,25.44,25.7,25.05,25.24,25.24,1744300
2012-06-20,25.25,25.43,25.0,25.15,25.15,1270300
2012-06-21,25.21,25.3,24.65,24.76,24.76,1089000
2012-06-22,25.01,25.35,24.74,25.24,25.24,895800
2012-06-25,24.82,25.12,24.54,24.81,24.81,384800
2012-06-26,24.87,25.15,24.7,24.94,24.94,483200
2012-06-27,25.09,25.78,24.93,25.57,25.57,738900
2012-06-28,25.31,25.57,24.66,25.39,25.39,1055600
2012-06-29,25.94,25.94,25.28,25.39,25.39,889300
2012-07-02,24.9,26.37,24.78,26.27,26.27,1788200
2012-07-03,26.37,26.4,25.54,25.83,25.83,588300
2012-07-05,25.91,26.21,25.49,25.79,25.79,1080700
2012-07-06,25.51,25.94,25.46,25.68,25.68,518700
2012-07-09,25.72,26.16,25.69,26.14,26.14,618000
2012-07-10,26.45,26.51,25.51,25.6,25.6,556600
2012-07-11,25.61,25.73,24.84,24.99,24.99,948400
2012-07-12,24.79,25.44,23.96,25.35,25.35,995200
2012-07-13,25.38,25.5,24.61,24.99,24.99,796600
2012-07-16,25.0,25.59,24.75,25.31,25.31,463900
2012-07-17,25.36,26.68,25.27,26.49,26.49,1033000
2012-07-18,26.56,27.17,26.41,26.54,26.54,1062000
2012-07-19,26.52,26.88,26.07,26.79,26.79,698700
2012-07-20,26.53,27.47,26.21,26.5,26.5,1039100
2012-07-23,26.11,26.11,25.22,25.76,25.76,708800
2012-07-24,25.75,26.08,25.32,25.47,25.47,435600
2012-07-25,25.71,25.93,25.35,25.54,25.54,431700
2012-07-26,25.93,27.0,25.11,26.76,26.76,615800
2012-07-27,26.89,28.0,26.84,27.58,27.58,675400
2012-07-30,27.55,27.82,26.83,26.85,26.85,475800
2012-07-31,26.89,27.2,26.1,26.16,26.16,794700
2012-08-01,26.33,26.49,25.46,25.46,25.46,522000
2012-08-02,25.62,25.62,24.51,24.72,24.72,1204000
2012-08-03,25.21,25.4,24.56,24.65,24.65,750700
2012-08-06,24.74,25.01,24.55,24.67,24.67,1035600
2012-08-07,24.78,24.87,24.27,24.34,24.34,885900
2012-08-08,24.28,24.42,23.65,23.87,23.87,1614300
2012-08-09,23.26,25.74,22.68,24.54,24.54,3111500
2012-08-10,24.19,24.6,23.82,23.92,23.92,1160300
2012-08-13,23.79,24.35,23.7,24.23,24.23,652400
2012-08-14,24.34,24.79,24.24,24.77,24.77,802200
2012-08-15,24.94,25.93,24.83,25.79,25.79,1173200
2012-08-16,25.97,25.99,25.5,25.87,25.87,1041200
2012-08-17,25.78,25.99,25.54,25.91,25.91,875600
2012-08-20,25.86,26.12,25.69,26.1,26.1,627800
2012-08-21,26.27,26.5,25.98,26.04,26.04,755800
2012-08-22,25.93,26.83,25.88,26.68,26.68,550300
2012-08-23,26.66,26.89,26.52,26.77,26.77,454100
2012-08-24,26.61,26.97,26.5,26.88,26.88,626200
2012-08-27,26.93,27.0,26.53,26.61,26.61,469400
2012-08-28,26.53,26.96,26.4,26.89,26.89,474500
2012-08-29,26.87,27.08,26.48,26.75,26.75,302200
2012-08-30,26.55,26.8,26.48,26.7,26.7,471700
2012-08-31,26.77,26.95,26.48,26.54,26.54,587100
2012-09-04,26.68,27.88,26.4,27.82,27.82,1033800
2012-09-05,27.7,28.76,27.57,28.7,28.7,1642600
2012-09-06,28.97,29.83,28.72,29.68,29.68,1518100
2012-09-07,29.11,29.2,28.32,28.89,28.89,1098700
2012-09-10,28.79,28.94,28.24,28.25,28.25,609000
2012-09-11,28.35,28.41,27.78,27.8,27.8,600000
2012-09-12,27.95,28.03,27.35,27.52,27.52,580400
2012-09-13,27.5,27.54,27.1,27.29,27.29,1044900
2012-09-14,27.42,27.75,27.2,27.31,27.31,894600
2012-09-17,27.23,27.28,27.02,27.15,27.15,745700
2012-09-18,27.1,27.31,26.89,27.3,27.3,1135100
2012-09-19,27.35,27.86,27.19,27.22,27.22,808300
2012-09-20,27.12,27.55,27.12,27.47,27.47,543500
2012-09-21,27.89,27.89,27.37,27.62,27.62,897700
2012-09-24,27.43,27.56,27.22,27.3,27.3,434800
2012-09-25,27.38,27.5,26.43,26.47,26.47,1034300
2012-09-26,26.64,26.93,26.45,26.5,26.5,615400
2012-09-27,26.67,26.89,26.55,26.66,26.66,428600
2012-09-28,26.48,27.28,26.45,26.94,26.94,543300
2012-10-01,27.14,27.18,26.29,26.69,26.69,1715600
2012-10-02,26.76,27.04,26.72,26.95,26.95,453200
2012-10-03,26.92,27.08,26.53,26.87,26.87,529500
2012-10-04,26.91,27.21,26.64,26.9,26.9,408500
2012-10-05,26.94,27.05,26.68,26.78,26.78,552500
2012-10-08,26.73,26.8,26.38,26.48,26.48,334300
2012-10-09,26.48,26.55,25.28,25.3,25.3,744800
2012-10-10,25.27,25.5,24.89,25.15,25.15,726500
2012-10-11,25.28,25.51,24.53,24.71,24.71,737300
2012-10-12,24.68,25.02,24.31,25.0,25.0,950000
2012-10-15,25.05,25.24,24.81,25.04,25.04,421800
2012-10-16,24.87,27.48,24.68,26.94,26.94,1522600
2012-10-17,26.93,27.71,26.91,27.38,27.38,472400
2012-10-18,27.61,27.83,26.92,26.94,26.94,701500
2012-10-19,26.74,27.06,25.81,26.04,26.04,669500
2012-10-22,25.9,26.07,25.31,26.03,26.03,544400
2012-10-23,25.81,25.99,25.15,25.7,25.7,588500
2012-10-24,25.76,26.15,25.2,25.21,25.21,771600
2012-10-25,25.49,25.72,25.13,25.64,25.64,315100
2012-10-26,25.64,25.89,25.0,25.39,25.39,418700
2012-10-31,25.34,25.71,24.5,25.16,25.16,514600
2012-11-01,25.2,25.9,25.12,25.35,25.35,728100
2012-11-02,25.44,25.58,24.32,24.33,24.33,480000
2012-11-05,24.35,25.01,24.0,24.87,24.87,510200
2012-11-06,24.97,25.31,24.65,25.0,25.0,559400
2012-11-07,24.77,24.91,24.15,24.47,24.47,921500
2012-11-08,21.7,23.92,21.05,23.23,23.23,3166100
2012-11-09,22.64,23.49,22.6,23.11,23.11,852800
2012-11-12,23.18,23.76,22.89,23.45,23.45,633900
2012-11-13,23.65,24.08,23.09,23.67,23.67,1142100
2012-11-14,23.8,24.1,23.31,23.53,23.53,850500
2012-11-15,23.54,24.03,23.26,23.87,23.87,840900
2012-11-16,23.73,24.51,23.71,24.28,24.28,1134000
2012-11-19,24.5,24.97,24.39,24.88,24.88,671500
2012-11-20,24.82,25.63,24.74,25.41,25.41,753400
2012-11-21,25.25,25.65,25.04,25.27,25.27,279900
2012-11-23,25.26,25.54,25.25,25.52,25.52,139300
2012-11-26,25.5,25.59,25.19,25.56,25.56,330100
2012-11-27,25.49,25.74,25.19,25.27,25.27,283400
2012-11-28,25.08,25.27,24.51,25.16,25.16,432300
2012-11-29,25.25,25.71,24.97,25.53,25.53,476800
2012-11-30,25.5,25.68,25.25,25.31,25.31,865400
2012-12-03,25.39,25.58,24.95,25.52,25.52,530900
2012-12-04,25.45,26.25,25.08,25.92,25.92,896900
2012-12-05,26.02,26.2,25.11,25.56,25.56,830200
2012-12-06,25.6,25.95,25.54,25.87,25.87,556900
2012-12-07,25.93,25.99,25.52,25.54,25.54,460600
2012-12-10,25.62,25.79,24.23,24.3,24.3,1496600
2012-12-11,24.44,24.75,24.13,24.43,24.43,1216700
2012-12-12,24.58,24.71,24.13,24.45,24.45,646600
2012-12-13,24.5,24.5,23.52,23.58,23.58,676500
2012-12-14,23.65,23.8,23.36,23.49,23.49,894500
2012-12-17,23.49,24.23,23.4,23.9,23.9,1045000
2012-12-18,23.89,24.17,23.67,23.92,23.92,1136700
2012-12-19,23.9,23.97,23.62,23.89,23.89,570600
2012-12-20,23.84,24.41,23.75,23.92,23.92,635100
2012-12-21,23.75,23.93,23.4,23.47,23.47,997800
2012-12-24,23.52,23.52,23.23,23.3,23.3,188000
2012-12-26,23.37,23.46,22.93,23.04,23.04,460600
2012-12-27,22.97,23.51,22.71,23.26,23.26,415600
2012-12-28,23.07,23.6,22.94,22.98,22.98,442300
2012-12-31,22.96,23.48,22.71,23.17,23.17,696400
2013-01-02,23.81,24.17,23.31,24.14,24.14,1095100
2013-01-03,24.11,24.67,23.56,24.47,24.47,683500
2013-01-04,24.62,25.46,24.4,24.97,24.97,875900
2013-01-07,24.91,26.22,24.72,26.18,26.18,989800
2013-01-08,26.17,27.15,26.15,26.51,26.51,1246100
2013-01-09,26.66,27.19,26.42,27.16,27.16,678600
2013-01-10,27.19,27.35,27.03,27.18,27.18,594800
2013-01-11,27.23,27.35,26.65,26.87,26.87,507400
2013-01-14,26.83,27.9,26.73,27.64,27.64,800600
2013-01-15,27.36,29.87,27.36,29.36,29.36,2698000
2013-01-16,29.28,29.57,28.62,29.21,29.21,1068400
2013-01-17,29.24,29.41,28.73,28.94,28.94,960200
2013-01-18,28.83,29.52,28.36,29.35,29.35,1033000
2013-01-22,29.35,29.9,28.96,29.85,29.85,1238300
2013-01-23,29.66,30.08,29.28,29.54,29.54,771000
2013-01-24,29.68,30.27,29.23,29.6,29.6,677500
2013-01-25,29.67,30.41,29.53,30.3,30.3,492500
2013-01-28,30.26,30.45,30.05,30.13,30.13,726300
2013-01-29,30.2,30.4,29.89,30.29,30.29,440300
2013-01-30,30.25,30.25,29.16,29.45,29.45,1078200
2013-01-31,29.45,29.94,29.32,29.45,29.45,705400
2013-02-01,29.55,29.81,29.4,29.58,29.58,1066300
2013-02-04,29.16,29.48,28.82,29.11,29.11,704100
2013-02-05,29.19,30.1,29.12,29.89,29.89,428100
2013-02-06,29.62,30.23,29.55,30.09,30.09,588900
2013-02-07,30.16,30.59,29.54,29.81,29.81,580800
2013-02-08,29.95,30.5,29.78,30.4,30.4,580000
2013-02-11,30.44,30.85,29.33,29.44,29.44,704100
2013-02-12,29.5,29.79,29.18,29.24,29.24,1059800
2013-02-13,28.37,29.29,27.36,27.76,27.76,2208600
2013-02-14,27.71,28.21,27.36,27.8,27.8,1284400
2013-02-15,28.15,28.15,27.12,27.38,27.38,919500
2013-02-19,27.49,27.75,27.04,27.7,27.7,666800
2013-02-20,27.69,28.04,27.45,27.46,27.46,526200
2013-02-21,27.21,27.4,26.6,26.83,26.83,888800
2013-02-22,26.89,27.29,26.75,27.23,27.23,659600
2013-02-25,27.44,27.52,26.83,26.88,26.88,699800
2013-02-26,27.04,27.25,26.68,26.88,26.88,703200
2013-02-27,26.85,28.09,26.85,27.8,27.8,571200
2013-02-28,27.72,28.22,27.5,28.14,28.14,976400
2013-03-01,27.81,28.68,27.79,28.33,28.33,910000
2013-03-04,28.21,28.95,28.09,28.94,28.94,920400
2013-03-05,28.95,30.44,28.84,30.43,30.43,1044900
2013-03-06,30.44,30.52,30.07,30.48,30.48,564000
2013-03-07,30.57,30.87,30.24,30.79,30.79,701000
2013-03-08,30.97,31.25,30.59,30.99,30.99,619600
2013-03-11,30.97,31.41,30.95,31.37,31.37,589300
2013-03-12,31.3,32.1,31.08,32.0,32.0,695900
2013-03-13,32.01,33.12,31.5,32.72,32.72,1242600
2013-03-14,32.88,32.96,32.4,32.96,32.96,541700
2013-03-15,33.03,33.8,33.01,33.55,33.55,1513700
2013-03-18,33.43,33.7,33.13,33.41,33.41,396200
2013-03-19,33.57,33.89,32.82,33.09,33.09,694600
2013-03-20,33.29,34.43,33.29,34.39,34.39,738700
2013-03-21,34.25,34.89,34.09,34.78,34.78,684900
2013-03-22,34.92,36.35,34.79,36.22,36.22,1033100
2013-03-25,36.3,36.3,35.59,36.11,36.11,702700
2013-03-26,36.29,36.99,35.7,36.32,36.32,778400
2013-03-27,36.14,36.27,35.63,36.0,36.0,660800
2013-03-28,36.09,36.14,35.4,35.51,35.51,944200
2013-04-01,35.56,35.79,34.48,34.84,34.84,1070700
2013-04-02,35.21,35.69,34.54,34.74,34.74,1002600
2013-04-03,34.93,35.05,33.62,34.03,34.03,924500
2013-04-04,34.19,34.68,33.85,34.41,34.41,715800
2013-04-05,33.89,34.83,33.6,34.8,34.8,675100
2013-04-08,34.9,35.0,34.3,34.92,34.92,628600
2013-04-09,35.1,35.15,34.4,34.81,34.81,712700
2013-04-10,35.0,36.95,34.82,36.49,36.49,1036700
2013-04-11,36.56,37.6,36.53,37.22,37.22,844400
2013-04-12,36.93,37.64,36.38,37.08,37.08,878500
2013-04-15,36.71,36.99,35.01,35.22,35.22,1143400
2013-04-16,35.58,36.65,35.26,36.57,36.57,813800
2013-04-17,36.31,36.57,35.25,35.84,35.84,1139000
2013-04-18,35.99,36.17,34.91,35.08,35.08,688000
2013-04-19,35.23,36.98,35.21,36.96,36.96,682900
2013-04-22,37.26,38.58,36.86,38.3,38.3,928900
2013-04-23,38.75,39.0,38.18,38.46,38.46,1058600
2013-04-24,38.37,38.49,36.35,36.53,36.53,1227500
2013-04-25,37.14,37.64,36.77,37.31,37.31,842200
2013-04-26,37.3,38.07,36.72,37.38,37.38,1062800
2013-04-29,37.7,38.18,37.53,37.8,37.8,576000
2013-04-30,37.63,37.84,36.66,36.95,36.95,605200
2013-05-01,36.78,36.93,35.51,35.52,35.52,808800
2013-05-02,35.79,36.57,35.79,36.2,36.2,747500
2013-05-03,36.85,37.0,36.29,36.35,36.35,754000
2013-05-06,36.46,36.66,36.11,36.33,36.33,559200
2013-05-07,36.38,36.45,35.38,35.41,35.41,1103700
2013-05-08,35.57,36.11,34.52,35.19,35.19,992400
2013-05-09,35.32,35.65,35.13,35.19,35.19,634500
2013-05-10,35.35,37.24,35.35,36.99,36.99,1004300
2013-05-13,37.0,37.74,36.81,37.33,37.33,653900
2013-05-14,37.42,38.64,37.34,38.56,38.56,676300
2013-05-15,38.5,38.95,37.55,37.71,37.71,675900
2013-05-16,37.61,37.62,35.61,36.32,36.32,700200
2013-05-17,36.44,36.81,35.62,36.7,36.7,419000
2013-05-20,36.7,36.97,35.6,35.75,35.75,592000
2013-05-21,35.78,36.2,35.5,35.73,35.73,450300
2013-05-22,35.76,36.43,34.72,35.15,35.15,721800
2013-05-23,34.89,35.59,33.7,35.35,35.35,711400
2013-05-24,35.2,35.4,34.57,34.95,34.95,545400
2013-05-28,35.56,36.1,35.34,35.9,35.9,668900
2013-05-29,35.57,35.81,34.65,34.95,34.95,503600
2013-05-30,35.05,35.79,34.74,35.68,35.68,618100
2013-05-31,35.26,35.76,34.31,34.32,34.32,727500
2013-06-03,34.54,35.2,32.61,35.08,35.08,1488300
2013-06-04,35.17,35.35,33.04,33.63,33.63,1129600
2013-06-05,33.49,34.0,32.09,32.55,32.55,1016000
2013-06-06,32.35,33.75,32.3,33.75,33.75,603500
2013-06-07,34.09,34.59,33.96,34.49,34.49,652300
2013-06-10,34.59,34.76,33.21,33.75,33.75,742800
2013-06-11,33.25,34.18,33.0,33.57,33.57,478100
2013-06-12,33.81,34.05,32.22,32.27,32.27,644200
2013-06-13,32.11,33.13,31.75,32.81,32.81,878200
2013-06-14,32.88,32.91,32.11,32.73,32.73,612100
2013-06-17,33.1,33.1,31.76,31.98,31.98,483600
2013-06-18,31.94,32.55,31.55,32.2,32.2,473000
2013-06-19,32.26,32.4,31.37,31.49,31.49,399900
2013-06-20,31.1,31.95,30.57,31.01,31.01,1411500
2013-06-21,31.18,31.86,29.2,30.3,30.3,2912700
2013-06-24,29.67,30.26,29.16,29.9,29.9,970000
2013-06-25,30.38,31.5,28.15,29.7,29.7,3641800
2013-06-26,30.09,31.14,30.03,30.86,30.86,1088300
2013-06-27,31.13,31.76,31.1,31.51,31.51,1075400
2013-06-28,31.08,32.26,31.08,31.46,31.46,8693900
2013-07-01,32.39,33.95,32.3,32.71,32.71,1547400
2013-07-02,32.77,33.8,32.42,33.61,33.61,1259500
2013-07-03,33.48,33.97,33.31,33.52,33.52,537000
2013-07-05,33.9,34.96,33.56,34.91,34.91,607400
2013-07-08,35.11,35.62,34.7,35.12,35.12,1464700
2013-07-09,35.36,35.96,35.07,35.76,35.76,1316100
2013-07-10,35.66,36.39,35.66,36.32,36.32,568500
2013-07-11,36.94,37.35,36.32,36.93,36.93,924900
2013-07-12,37.0,38.63,36.6,38.12,38.12,1110800
2013-07-15,38.06,38.84,37.56,38.63,38.63,1239200
2013-07-16,38.49,38.78,38.26,38.55,38.55,1532600
2013-07-17,38.55,38.93,38.45,38.75,38.75,697000
2013-07-18,38.78,39.1,38.38,38.94,38.94,854800
2013-07-19,38.95,39.7,38.53,39.11,39.11,709700
2013-07-22,39.08,39.78,38.87,39.5,39.5,836400
2013-07-23,39.58,39.58,38.56,38.97,38.97,1314800
2013-07-24,39.36,39.65,38.6,39.33,39.33,1022000
2013-07-25,39.32,39.9,38.89,39.73,39.73,790000
2013-07-26,39.25,39.92,39.23,39.74,39.74,626500
2013-07-29,39.74,39.94,39.36,39.56,39.56,585600
2013-07-30,39.54,40.5,39.54,40.31,40.31,688200
2013-07-31,40.44,40.77,40.14,40.52,40.52,945800
2013-08-01,40.25,42.8,39.7,42.59,42.59,1182700
2013-08-02,42.51,44.33,42.4,43.28,43.28,912500
2013-08-05,43.06,43.74,42.74,43.46,43.46,663000
2013-08-06,43.26,43.63,42.26,42.55,42.55,536100
2013-08-07,42.34,42.68,41.25,42.03,42.03,830400
2013-08-08,42.28,42.49,41.44,41.46,41.46,645800
2013-08-09,41.33,41.99,41.33,41.55,41.55,521800
2013-08-12,41.41,42.54,41.15,42.33,42.33,1059800
2013-08-13,42.21,42.34,41.39,41.75,41.75,721400
2013-08-14,41.69,42.68,41.69,42.08,42.08,478000
2013-08-15,41.64,41.79,40.81,41.08,41.08,403800
2013-08-16,40.85,41.84,40.83,40.97,40.97,1002100
2013-08-19,41.0,41.48,40.96,41.04,41.04,574300
2013-08-20,40.91,41.59,40.73,41.24,41.24,584600
2013-08-21,41.0,42.0,41.0,41.33,41.33,649300
2013-08-22,41.36,42.23,41.31,42.12,42.12,200100
2013-08-23,42.27,42.41,41.53,41.71,41.71,405000
2013-08-26,41.95,42.66,41.61,42.53,42.53,404300
2013-08-27,41.84,42.01,40.76,40.94,40.94,546000
2013-08-28,41.2,42.17,40.96,42.06,42.06,450800
2013-08-29,42.07,43.98,42.06,43.36,43.36,549800
2013-08-30,43.78,43.78,42.32,42.4,42.4,355200
2013-09-03,42.88,42.96,41.87,42.51,42.51,849000
2013-09-04,42.57,44.3,42.31,44.17,44.17,953000
2013-09-05,44.0,44.83,43.76,44.16,44.16,448300
2013-09-06,44.5,44.61,43.2,44.19,44.19,510900
2013-09-09,43.69,46.0,43.69,45.95,45.95,851200
2013-09-10,46.7,47.2,45.86,47.19,47.19,1298000
2013-09-11,47.31,47.7,47.01,47.55,47.55,849400
2013-09-12,47.75,48.39,47.25,48.2,48.2,701800
2013-09-13,48.38,48.61,47.6,48.48,48.48,879400
2013-09-16,49.19,49.23,47.76,47.82,47.82,543400
2013-09-17,47.77,48.06,47.15,47.87,47.87,817500
2013-09-18,47.91,47.95,46.9,47.27,47.27,859600
2013-09-19,47.44,47.87,47.31,47.73,47.73,580500
2013-09-20,47.79,47.94,45.8,46.0,46.0,1607000
2013-09-23,46.0,46.68,44.01,44.19,44.19,1409500
2013-09-24,44.23,44.44,43.4,43.52,43.52,904800
2013-09-25,43.47,44.01,43.1,43.53,43.53,715900
2013-09-26,43.78,44.64,43.61,44.11,44.11,636800
2013-09-27,44.01,44.44,43.52,43.94,43.94,479100
2013-09-30,43.45,44.14,43.0,43.83,43.83,787900
2013-10-01,43.96,44.89,43.51,44.89,44.89,714500
2013-10-02,44.64,45.72,44.25,45.5,45.5,902400
2013-10-03,45.15,45.6,44.11,45.54,45.54,1867700
2013-10-04,45.78,46.48,45.27,45.35,45.35,529000
2013-10-07,44.82,45.26,44.04,44.18,44.18,388300
2013-10-08,44.47,44.47,41.0,41.13,41.13,1267200
2013-10-09,41.07,41.09,38.2,39.6,39.6,1754300
2013-10-10,40.65,41.18,40.1,40.7,40.7,722100
2013-10-11,40.45,40.45,38.75,39.72,39.72,1332400
2013-10-14,39.09,39.8,38.68,39.75,39.75,1034300
2013-10-15,39.75,40.03,39.5,39.73,39.73,913500
2013-10-16,39.92,41.09,39.91,41.01,41.01,555000
2013-10-17,40.93,41.98,40.67,41.88,41.88,515000
2013-10-18,41.99,42.08,39.89,40.04,40.04,958200
2013-10-21,40.04,40.44,39.81,40.04,40.04,880800
2013-10-22,40.28,40.83,39.9,40.37,40.37,774900
2013-10-23,40.1,41.7,39.95,41.67,41.67,633200
2013-10-24,41.73,43.1,41.65,42.05,42.05,533500
2013-10-25,42.09,42.39,40.55,40.71,40.71,378800
2013-10-28,40.69,40.94,40.05,40.22,40.22,379700
2013-10-29,40.26,40.97,39.96,40.57,40.57,600300
2013-10-30,40.78,41.31,39.38,39.91,39.91,924100
2013-10-31,39.93,40.27,38.58,38.65,38.65,1750300
2013-11-01,38.69,38.97,38.21,38.95,38.95,564500
2013-11-04,39.05,39.79,38.78,39.03,39.03,734200
2013-11-05,39.1,39.37,38.3,38.44,38.44,838900
2013-11-06,39.52,39.59,37.55,37.86,37.86,1348300
2013-11-07,37.86,38.29,36.79,37.01,37.01,972800
2013-11-08,37.04,39.63,37.04,38.92,38.92,944200
2013-11-11,39.19,39.91,38.87,39.88,39.88,625500
2013-11-12,39.85,40.09,38.99,39.96,39.96,708500
2013-11-13,39.73,41.35,39.53,41.05,41.05,876200
2013-11-14,41.03,41.5,40.62,41.45,41.45,609700
2013-11-15,41.37,42.6,41.16,41.7,41.7,811600
2013-11-18,41.84,42.89,41.05,41.21,41.21,696800
2013-11-19,41.12,41.35,40.29,40.86,40.86,746800
2013-11-20,40.89,41.36,40.17,40.38,40.38,654700
2013-11-21,40.56,41.0,40.04,40.5,40.5,698700
2013-11-22,40.76,41.09,40.13,40.53,40.53,757800
2013-11-25,40.81,42.12,40.62,41.75,41.75,640700
2013-11-26,41.79,42.0,41.24,41.5,41.5,568400
2013-11-27,41.58,41.71,40.46,40.9,40.9,619500
2013-11-29,40.99,41.44,40.72,41.09,41.09,307900
2013-12-02,41.25,42.26,41.0,42.19,42.19,772200
2013-12-03,42.03,42.73,41.87,42.65,42.65,1105400
2013-12-04,42.35,43.74,42.32,43.71,43.71,921200
2013-12-05,43.67,44.33,43.39,44.27,44.27,1010800
2013-12-06,45.0,45.37,43.03,44.35,44.35,937900
2013-12-09,44.5,44.99,40.58,41.16,41.16,2312700
2013-12-10,41.08,42.38,40.61,41.43,41.43,979700
2013-12-11,41.46,41.51,39.32,39.78,39.78,1120800
2013-12-12,39.68,39.99,39.23,39.52,39.52,1444200
2013-12-13,39.5,40.35,39.12,40.21,40.21,840100
2013-12-16,40.13,41.12,39.76,40.02,40.02,691400
2013-12-17,40.47,40.51,38.54,38.56,38.56,1191300
2013-12-18,38.62,39.26,38.28,39.18,39.18,782800
2013-12-19,38.82,39.44,38.21,38.65,38.65,573100
2013-12-20,38.62,40.06,38.27,39.78,39.78,1192400
2013-12-23,40.08,40.96,39.92,40.15,40.15,575500
2013-12-24,40.16,40.34,39.23,39.6,39.6,257100
2013-12-26,39.7,40.62,39.7,40.32,40.32,334800
2013-12-27,40.57,40.65,39.78,39.89,39.89,224600
2013-12-30,40.0,40.73,39.55,40.23,40.23,693700
2013-12-31,40.13,40.38,39.44,39.89,39.89,612200
2014-01-02,39.9,40.22,39.05,40.18,40.18,589300
2014-01-03,40.15,40.56,39.16,39.24,39.24,732300
2014-01-06,39.35,39.35,38.35,38.57,38.57,1089200
2014-01-07,38.85,40.34,38.85,40.0,40.0,817900
2014-01-08,40.15,41.13,39.7,41.04,41.04,795100
2014-01-09,41.28,42.13,40.71,41.35,41.35,633300
2014-01-10,41.36,43.0,40.6,42.97,42.97,879300
2014-01-13,43.09,44.39,41.07,41.62,41.62,1074200
2014-01-14,41.65,43.87,41.51,43.79,43.79,715900
2014-01-15,44.0,44.05,42.69,43.89,43.89,875000
2014-01-16,43.8,46.46,43.51,46.42,46.42,1360000
2014-01-17,47.0,48.36,46.46,47.95,47.95,1699000
2014-01-21,48.5,49.45,46.81,47.95,47.95,1047900
2014-01-22,47.95,47.98,46.85,47.97,47.97,688400
2014-01-23,47.31,47.8,46.45,47.59,47.59,765600
2014-01-24,46.91,46.98,45.31,45.45,45.45,1174000
2014-01-27,45.21,45.74,42.85,44.94,44.94,1036200
2014-01-28,44.98,46.13,44.54,45.19,45.19,873100
2014-01-29,44.51,46.02,43.75,45.29,45.29,821000
2014-01-30,45.89,46.95,44.98,46.21,46.21,1020300
2014-01-31,45.5,45.99,44.82,44.86,44.86,859100
2014-02-03,44.76,45.23,43.06,43.3,43.3,1538400
2014-02-04,43.71,44.58,43.42,43.9,43.9,876700
2014-02-05,43.83,44.23,41.7,42.7,42.7,1002900
2014-02-06,42.75,43.13,41.51,41.65,41.65,849600
2014-02-07,41.83,43.99,41.75,43.93,43.93,575500
2014-02-10,44.02,44.94,43.54,44.83,44.83,804900
2014-02-11,44.97,45.98,44.64,45.6,45.6,1049400
2014-02-12,47.74,51.97,45.6,50.49,50.49,4026000
2014-02-13,49.35,51.13,49.22,51.05,51.05,981700
2014-02-14,50.56,51.51,49.08,50.12,50.12,928800
2014-02-18,50.43,52.85,50.35,52.12,52.12,1290500
2014-02-19,52.01,52.66,51.12,51.47,51.47,954400
2014-02-20,51.63,53.54,51.15,53.22,53.22,1074600
2014-02-21,53.46,55.86,53.26,54.92,54.92,1347500
2014-02-24,52.16,54.45,52.12,54.33,54.33,1399900
2014-02-25,54.4,55.0,52.55,54.24,54.24,1265200
2014-02-26,54.28,54.59,53.31,53.86,53.86,772600
2014-02-27,53.97,55.63,53.02,55.14,55.14,1029400
2014-02-28,54.55,55.99,51.8,52.59,52.59,1293300
2014-03-03,51.78,52.48,51.01,52.27,52.27,1154300
2014-03-04,52.8,53.76,52.18,52.99,52.99,1227300
2014-03-05,53.02,53.76,52.25,53.37,53.37,780400
2014-03-06,53.48,53.69,51.2,51.29,51.29,1046500
2014-03-07,51.45,51.92,50.25,51.78,51.78,1306700
2014-03-10,52.36,52.91,50.4,51.61,51.61,718500
2014-03-11,51.71,52.7,50.69,51.23,51.23,685300
2014-03-12,50.74,52.23,50.58,52.02,52.02,782900
2014-03-13,52.32,52.41,49.42,50.02,50.02,1316700
2014-03-14,50.0,51.42,49.06,50.29,50.29,655800
2014-03-17,50.78,51.97,50.23,50.79,50.79,867900
2014-03-18,50.97,53.57,50.73,53.45,53.45,1084200
2014-03-19,53.82,55.46,53.15,53.57,53.57,1583200
2014-03-20,53.68,54.17,52.5,53.21,53.21,1013600
2014-03-21,53.56,53.98,50.0,50.19,50.19,1823600
2014-03-24,50.17,50.8,46.71,48.38,48.38,1497700
2014-03-25,48.5,49.22,45.8,46.97,46.97,1692700
2014-03-26,47.25,47.99,45.41,45.97,45.97,963400
2014-03-27,45.79,46.87,44.95,46.22,46.22,796700
2014-03-28,46.56,46.85,43.6,44.2,44.2,1214200
2014-03-31,44.41,46.14,44.41,45.56,45.56,921100
2014-04-01,45.71,47.67,45.69,46.79,46.79,1057000
2014-04-02,46.78,47.39,43.76,43.91,43.91,1535800
2014-04-03,44.05,44.6,41.13,41.81,41.81,2208900
2014-04-04,42.28,42.8,39.28,40.2,40.2,1757300
2014-04-07,40.0,41.4,39.0,40.45,40.45,1411200
2014-04-08,40.17,42.14,39.88,41.09,41.09,1668000
2014-04-09,41.19,42.62,41.14,42.27,42.27,1327000
2014-04-10,42.43,42.43,38.86,39.37,39.37,1287900
2014-04-11,38.34,40.42,36.54,37.17,37.17,1843000
2014-04-14,37.78,38.97,35.89,36.98,36.98,886800
2014-04-15,37.14,38.13,34.91,37.02,37.02,1412300
2014-04-16,37.25,39.2,36.8,38.57,38.57,1256100
2014-04-17,38.42,40.24,38.0,38.84,38.84,1319200
2014-04-21,38.82,39.85,38.38,39.49,39.49,762800
2014-04-22,39.8,41.7,39.71,40.87,40.87,1038400
2014-04-23,40.92,41.03,38.99,39.79,39.79,809100
2014-04-24,39.99,40.16,37.71,39.33,39.33,780800
2014-04-25,39.01,39.7,37.06,37.45,37.45,900900
2014-04-28,37.62,38.63,35.87,37.27,37.27,753400
2014-04-29,37.29,39.54,37.05,38.84,38.84,775200
2014-04-30,38.66,39.21,37.5,38.48,38.48,982300
2014-05-01,38.42,39.22,37.61,38.87,38.87,1173300
2014-05-02,37.5,37.5,34.02,34.5,34.5,3677400
2014-05-05,34.22,35.55,33.5,35.1,35.1,1175500
2014-05-06,35.99,36.16,33.94,34.11,34.11,1146800
2014-05-07,34.2,34.51,32.61,34.21,34.21,1005900
2014-05-08,34.02,35.09,33.4,33.69,33.69,980200
2014-05-09,33.55,35.46,33.1,35.35,35.35,1224300
2014-05-12,36.68,38.5,36.19,36.98,36.98,1480000
2014-05-13,36.99,37.15,35.15,35.19,35.19,730500
2014-05-14,35.2,36.65,34.65,35.96,35.96,753900
2014-05-15,35.2,35.61,33.75,35.16,35.16,959300
2014-05-16,35.0,35.13,33.59,34.25,34.25,1141200
2014-05-19,34.41,35.28,34.09,34.36,34.36,991300
2014-05-20,34.43,34.43,33.3,33.39,33.39,754300
2014-05-21,33.42,34.14,32.63,32.82,32.82,1056100
2014-05-22,32.72,34.6,32.55,33.42,33.42,1125300
2014-05-23,33.52,34.44,32.35,33.16,33.16,889900
2014-05-27,33.36,35.24,33.16,35.16,35.16,1336600
2014-05-28,35.5,35.51,34.08,34.43,34.43,904700
2014-05-29,34.6,35.17,34.15,34.53,34.53,1053900
2014-05-30,34.6,34.66,33.0,33.37,33.37,1243800
2014-06-02,33.5,34.7,33.06,34.37,34.37,1069200
2014-06-03,34.2,35.72,33.92,35.52,35.52,1460400
2014-06-04,35.53,36.48,34.92,36.41,36.41,1010600
2014-06-05,36.9,38.4,36.53,37.59,37.59,1211600
2014-06-06,37.62,38.15,37.01,37.46,37.46,796600
2014-06-09,37.79,39.29,37.56,38.62,38.62,1162000
2014-06-10,39.91,40.57,39.57,40.08,40.08,1484500
2014-06-11,39.84,42.31,39.6,40.12,40.12,1688200
2014-06-12,39.9,40.57,39.41,40.1,40.1,741400
2014-06-13,40.2,40.56,39.45,40.09,40.09,746400
2014-06-16,39.96,40.98,39.6,40.45,40.45,972200
2014-06-17,39.91,40.28,38.04,39.29,39.29,1776600
2014-06-18,39.29,39.76,38.53,39.7,39.7,915900
2014-06-19,39.76,40.98,39.69,40.92,40.92,997100
2014-06-20,41.03,41.56,40.77,41.44,41.44,1203700
2014-06-23,41.51,41.95,40.22,40.48,40.48,905200
2014-06-24,40.62,41.49,39.65,39.76,39.76,800500
2014-06-25,39.55,40.1,38.76,39.28,39.28,803400
2014-06-26,39.38,39.49,38.38,39.1,39.1,509800
2014-06-27,38.86,39.33,37.86,38.88,38.88,804400
2014-06-30,38.96,39.54,37.9,38.25,38.25,856500
2014-07-01,38.48,39.24,38.34,39.02,39.02,975900
2014-07-02,39.01,39.34,38.18,38.57,38.57,935600
2014-07-03,38.74,39.34,37.9,38.65,38.65,1011500
2014-07-07,38.32,39.14,37.07,37.51,37.51,916800
2014-07-08,37.21,37.38,35.01,35.46,35.46,1406500
2014-07-09,37.24,37.86,34.88,35.74,35.74,1845800
2014-07-10,35.01,37.1,34.4,36.33,36.33,1435000
2014-07-11,36.37,38.65,35.79,37.4,37.4,1407200
2014-07-14,37.77,37.77,36.59,36.93,36.93,939800
2014-07-15,36.99,37.04,34.62,35.21,35.21,1639000
2014-07-16,35.37,35.86,34.67,35.17,35.17,703400
2014-07-17,34.8,35.28,33.65,33.75,33.75,1122300
2014-07-18,33.91,34.84,33.75,34.5,34.5,841400
2014-07-21,34.37,34.49,33.79,34.27,34.27,603900
2014-07-22,34.44,35.0,34.15,34.26,34.26,975800
2014-07-23,34.82,35.53,34.69,35.0,35.0,1087600
2014-07-24,35.28,35.35,34.4,34.69,34.69,657400
2014-07-25,34.6,35.13,34.18,34.89,34.89,661500
2014-07-28,35.0,35.2,33.75,34.4,34.4,605600
2014-07-29,34.68,35.63,34.51,35.16,35.16,674400
2014-07-30,35.52,36.35,35.39,35.89,35.89,906600
2014-07-31,35.32,35.94,34.53,35.2,35.2,1245800
2014-08-01,35.11,38.0,34.96,36.9,36.9,2487800
2014-08-04,37.21,37.69,36.12,36.74,36.74,1206100
2014-08-05,36.51,38.18,36.21,38.1,38.1,976800
2014-08-06,37.94,39.95,37.75,38.75,38.75,996000
2014-08-07,38.8,40.0,38.46,38.75,38.75,919800
2014-08-08,38.94,39.52,38.21,39.16,39.16,788300
2014-08-11,39.6,40.2,38.84,39.85,39.85,769800
2014-08-12,39.44,42.09,39.28,40.66,40.66,1563300
2014-08-13,40.86,41.74,40.4,41.6,41.6,902900
2014-08-14,41.75,42.69,41.5,42.57,42.57,900000
2014-08-15,42.67,42.86,41.36,42.23,42.23,825800
2014-08-18,42.64,43.48,42.32,43.05,43.05,776400
2014-08-19,43.28,43.47,42.65,43.26,43.26,633400
2014-08-20,43.0,43.58,42.7,42.99,42.99,551400
2014-08-21,43.01,43.41,42.05,42.5,42.5,844900
2014-08-22,42.5,43.35,41.51,42.86,42.86,785100
2014-08-25,43.24,44.07,43.03,43.49,43.49,608800
2014-08-26,43.6,44.43,43.59,44.09,44.09,550500
2014-08-27,44.15,44.42,43.56,44.14,44.14,697700
2014-08-28,43.81,44.95,43.16,43.57,43.57,863400
2014-08-29,43.64,44.08,43.19,44.01,44.01,523000
2014-09-02,44.23,44.51,41.8,42.62,42.62,1205400
2014-09-03,42.71,43.09,42.44,42.83,42.83,741100
2014-09-04,42.98,43.16,41.59,41.84,41.84,582600
2014-09-05,41.76,41.77,40.15,41.1,41.1,916600
2014-09-08,41.09,41.71,40.69,41.49,41.49,546500
2014-09-09,41.48,41.48,39.87,40.12,40.12,607400
2014-09-10,40.51,42.39,40.23,41.98,41.98,917700
2014-09-11,41.75,41.98,40.05,40.9,40.9,1153700
2014-09-12,40.68,41.49,40.42,41.39,41.39,1096100
2014-09-15,41.32,41.43,39.96,40.82,40.82,980900
2014-09-16,41.02,41.68,40.31,41.51,41.51,859900
2014-09-17,41.77,42.06,41.18,41.38,41.38,939200
2014-09-18,41.75,41.99,41.02,41.15,41.15,543900
2014-09-19,41.27,41.41,40.38,40.6,40.6,1264800
2014-09-22,40.5,40.52,39.2,40.03,40.03,1138400
2014-09-23,39.79,41.12,39.51,40.11,40.11,895800
2014-09-24,40.23,41.83,40.17,41.73,41.73,704800
2014-09-25,41.69,42.18,40.92,40.93,40.93,801800
2014-09-26,41.0,41.5,40.5,41.37,41.37,645000
2014-09-29,40.93,40.93,37.8,38.39,38.39,2033700
2014-09-30,37.02,37.62,36.26,37.18,37.18,2164800
2014-10-01,37.22,37.42,36.3,36.92,36.92,1266400
2014-10-02,36.92,37.25,35.5,35.81,35.81,1396900
2014-10-03,36.16,36.2,35.46,35.77,35.77,1361300
2014-10-06,36.02,36.15,34.56,34.64,34.64,886200
2014-10-07,34.39,34.68,33.72,33.77,33.77,1007100
2014-10-08,33.85,34.35,33.18,34.31,34.31,823500
2014-10-09,34.4,34.45,32.66,33.23,33.23,1089600
2014-10-10,33.11,33.84,31.97,32.0,32.0,987500
2014-10-13,32.0,32.38,30.8,31.51,31.51,1028500
2014-10-14,31.8,33.11,31.4,31.96,31.96,1436000
2014-10-15,31.49,33.81,31.4,33.33,33.33,1965300
2014-10-16,32.77,36.18,32.77,34.73,34.73,1767300
2014-10-17,35.15,35.42,34.06,34.65,34.65,2719100
2014-10-20,34.65,36.07,34.63,35.25,35.25,935000
2014-10-21,35.6,35.6,34.38,35.31,35.31,800300
2014-10-22,35.3,35.59,34.65,34.83,34.83,991800
2014-10-23,35.16,36.33,34.62,35.6,35.6,709300
2014-10-24,35.52,36.31,34.92,35.95,35.95,935700
2014-10-27,35.77,36.55,35.1,35.39,35.39,997000
2014-10-28,35.61,36.71,35.39,36.37,36.37,966900
2014-10-29,36.18,36.18,34.45,35.27,35.27,1150200
2014-10-30,35.16,35.9,34.52,35.25,35.25,1399300
2014-10-31,37.82,39.2,36.5,36.67,36.67,2465500
2014-11-03,36.65,37.57,36.65,37.25,37.25,1350100
2014-11-04,37.06,37.55,36.53,36.57,36.57,981400
2014-11-05,36.94,36.97,35.49,35.72,35.72,747800
2014-11-06,35.91,36.19,32.63,34.85,34.85,3945000
2014-11-07,34.67,36.17,34.14,36.05,36.05,1663500
2014-11-10,36.1,36.91,35.46,36.9,36.9,1145300
2014-11-11,37.13,37.54,36.66,36.91,36.91,793400
2014-11-12,36.86,37.93,36.72,37.8,37.8,1214500
2014-11-13,37.75,38.7,36.72,36.89,36.89,672300
2014-11-14,36.89,36.91,34.76,35.36,35.36,1199800
2014-11-17,35.36,36.54,35.2,35.85,35.85,987200
2014-11-18,35.85,37.88,35.76,37.8,37.8,969900
2014-11-19,38.14,38.45,36.01,36.24,36.24,1474700
2014-11-20,36.14,37.05,35.78,36.6,36.6,669200
2014-11-21,37.13,37.8,36.42,36.85,36.85,1037500
2014-11-24,36.86,37.65,36.74,37.35,37.35,893100
2014-11-25,37.46,40.35,36.32,36.65,36.65,680800
2014-11-26,36.48,36.96,36.32,36.79,36.79,686300
2014-11-28,36.93,37.5,36.34,36.44,36.44,389500
2014-12-01,36.4,36.67,35.5,35.95,35.95,950000
2014-12-02,36.12,37.55,36.0,37.36,37.36,872100
2014-12-03,36.96,37.69,36.71,37.41,37.41,1087600
2014-12-04,37.32,37.5,36.37,36.5,36.5,947100
2014-12-05,36.56,36.56,35.04,36.1,36.1,1900700
2014-12-08,34.5,35.27,32.22,33.53,33.53,3733400
2014-12-09,33.41,35.7,33.0,35.36,35.36,1974700
2014-12-10,35.02,35.17,33.84,34.31,34.31,2035300
2014-12-11,35.89,36.39,33.15,33.74,33.74,1310200
2014-12-12,33.3,33.64,32.24,32.25,32.25,1757800
2014-12-15,32.5,32.93,31.12,31.41,31.41,2878000
2014-12-16,31.15,32.91,30.5,31.86,31.86,3251900
2014-12-17,31.9,32.28,31.5,32.14,32.14,1198800
2014-12-18,33.39,33.94,32.57,33.04,33.04,1976900
2014-12-19,32.92,33.25,32.3,32.89,32.89,2463000
2014-12-22,32.89,33.56,32.17,32.65,32.65,1187100
2014-12-23,32.77,32.79,30.62,31.24,31.24,1879000
2014-12-24,30.83,32.05,30.8,31.1,31.1,787500
2014-12-26,31.55,32.07,31.5,32.0,32.0,856300
2014-12-29,32.12,32.93,31.82,32.7,32.7,1068200
2014-12-30,32.54,33.12,32.2,32.28,32.28,858700
2014-12-31,32.4,32.73,31.96,32.13,32.13,906800
2015-01-02,32.31,33.18,32.1,32.54,32.54,660300
2015-01-05,32.38,33.31,31.92,33.05,33.05,1209200
2015-01-06,33.04,33.25,30.91,31.45,31.45,1418300
2015-01-07,31.84,32.61,31.63,32.15,32.15,1177800
2015-01-08,32.49,32.74,31.67,31.74,31.74,1099700
2015-01-09,31.74,31.88,30.54,30.55,30.55,1890600
2015-01-12,31.88,32.37,30.99,32.03,32.03,2421900
2015-01-13,32.2,33.1,31.39,31.61,31.61,1539400
2015-01-14,31.02,32.29,31.0,31.84,31.84,957900
2015-01-15,31.92,32.18,30.53,30.54,30.54,1123500
2015-01-16,30.3,31.47,30.05,31.37,31.37,2052600
2015-01-20,31.29,31.8,30.35,31.72,31.72,1077100
2015-01-21,31.64,32.7,31.31,31.48,31.48,1098000
2015-01-22,31.75,32.43,30.94,32.32,32.32,720800
2015-01-23,32.22,32.64,31.99,32.3,32.3,719500
2015-01-26,32.37,33.14,32.07,33.02,33.02,875400
2015-01-27,32.67,33.66,32.57,33.2,33.2,988000
2015-01-28,33.45,33.45,31.69,31.74,31.74,739900
2015-01-29,31.76,31.96,31.07,31.5,31.5,698100
2015-01-30,31.37,31.85,31.0,31.16,31.16,865100
2015-02-02,31.16,31.51,30.51,31.04,31.04,920200
2015-02-03,31.16,31.39,30.52,31.37,31.37,1069500
2015-02-04,31.3,31.59,30.39,31.2,31.2,1144500
2015-02-05,31.44,32.64,31.39,32.57,32.57,1299400
2015-02-06,32.51,33.09,32.19,32.55,32.55,1088100
2015-02-09,32.48,33.25,32.38,33.05,33.05,808000
2015-02-10,33.21,33.23,32.31,32.45,32.45,1268200
2015-02-11,32.12,32.3,30.13,31.04,31.04,3041500
2015-02-12,31.18,31.36,30.74,31.21,31.21,1009000
2015-02-13,31.3,31.74,31.17,31.57,31.57,1033600
2015-02-17,31.61,32.78,31.53,32.51,32.51,1072400
2015-02-18,32.57,34.2,32.57,34.14,34.14,1239000
2015-02-19,34.26,35.51,33.92,34.83,34.83,1364200
2015-02-20,34.69,35.2,34.63,34.96,34.96,872900
2015-02-23,35.05,35.99,34.3,34.37,34.37,1278800
2015-02-24,34.24,34.4,33.4,33.76,33.76,1049700
2015-02-25,33.8,36.8,33.76,36.63,36.63,1812100
2015-02-26,36.72,36.93,35.24,36.43,36.43,1234900
2015-02-27,36.76,37.89,35.73,36.25,36.25,1218300
2015-03-02,36.61,37.29,35.54,36.0,36.0,1372300
2015-03-03,35.87,36.0,34.6,35.15,35.15,1503000
2015-03-04,34.92,35.54,34.59,35.12,35.12,935800
2015-03-05,35.95,36.59,35.41,35.6,35.6,1437100
2015-03-06,35.6,35.74,34.89,35.32,35.32,650700
2015-03-09,35.35,35.49,34.21,34.93,34.93,1130000
2015-03-10,34.63,37.89,34.3,37.16,37.16,2265700
2015-03-11,37.59,37.59,36.1,36.41,36.41,1296300
2015-03-12,36.64,38.34,36.3,38.11,38.11,1700900
2015-03-13,37.95,38.9,37.7,38.31,38.31,1336700
2015-03-16,38.64,39.3,38.34,39.13,39.13,1025300
2015-03-17,38.77,39.42,38.5,38.9,38.9,1108100
2015-03-18,38.63,39.39,38.4,38.89,38.89,988300
2015-03-19,39.04,39.95,38.72,39.69,39.69,875000
2015-03-20,39.93,39.98,38.02,38.86,38.86,1666800
2015-03-23,38.59,38.66,37.4,37.66,37.66,935600
2015-03-24,37.82,38.38,37.11,37.69,37.69,1075300
2015-03-25,37.59,37.85,34.85,35.19,35.19,1503700
2015-03-26,34.85,35.83,34.21,35.72,35.72,1439700
2015-03-27,35.71,36.44,35.47,36.22,36.22,827800
2015-03-30,36.67,36.98,35.68,36.1,36.1,608600
2015-03-31,36.09,36.29,35.16,35.35,35.35,675600
2015-04-01,35.14,35.45,34.12,35.05,35.05,929600
2015-04-02,35.4,35.96,34.88,35.38,35.38,897900
2015-04-06,35.25,35.97,34.99,35.51,35.51,614800
2015-04-07,35.19,36.97,35.19,36.01,36.01,713200
2015-04-08,35.85,36.7,35.71,35.84,35.84,703700
2015-04-09,35.82,36.33,35.6,36.21,36.21,1175400
2015-04-10,36.35,37.34,36.0,37.09,37.09,868500
2015-04-13,37.12,38.52,37.1,37.9,37.9,1178200
2015-04-14,37.91,38.25,37.01,37.49,37.49,770000
2015-04-15,37.5,37.66,36.47,36.61,36.61,1212500
2015-04-16,36.61,37.1,36.26,36.57,36.57,740300
2015-04-17,36.52,36.86,35.93,36.13,36.13,1214700
2015-04-20,36.81,37.24,36.24,36.81,36.81,1456000
2015-04-21,37.34,37.62,36.66,37.24,37.24,639400
2015-04-22,37.1,37.74,36.59,36.92,36.92,658500
2015-04-23,36.69,37.65,36.31,37.5,37.5,546000
2015-04-24,37.55,38.29,37.12,37.14,37.14,794200
2015-04-27,37.33,37.8,35.18,35.47,35.47,1062800
2015-04-28,35.42,35.77,34.05,34.78,34.78,1512400
2015-04-29,34.79,35.51,34.47,35.07,35.07,780200
2015-04-30,34.68,35.35,33.68,34.34,34.34,1537000
2015-05-01,34.1,35.45,32.68,34.03,34.03,1850100
2015-05-04,34.27,35.26,33.88,34.2,34.2,1088200
2015-05-05,34.16,35.1,33.89,35.0,35.0,1594100
2015-05-06,35.27,37.4,35.21,37.27,37.27,2331800
2015-05-07,37.3,38.42,36.75,38.04,38.04,1850300
2015-05-08,38.97,42.05,38.95,41.13,41.13,2664000
2015-05-11,41.1,41.31,39.34,39.75,39.75,1831100
2015-05-12,39.72,40.23,39.03,40.13,40.13,850500
2015-05-13,40.33,40.44,39.36,39.79,39.79,613500
2015-05-14,39.91,40.34,39.17,40.24,40.24,646100
2015-05-15,40.28,41.24,39.88,39.94,39.94,803500
2015-05-18,39.99,40.73,39.65,40.5,40.5,483200
2015-05-19,40.5,41.64,40.31,41.23,41.23,1170600
2015-05-20,41.34,43.25,40.87,42.99,42.99,1604500
2015-05-21,43.14,43.89,42.5,43.76,43.76,1697900
2015-05-22,43.85,44.39,42.8,43.23,43.23,871800
2015-05-26,43.17,43.58,42.54,42.81,42.81,1145800
2015-05-27,43.0,43.14,42.2,42.5,42.5,1276300
2015-05-28,42.36,43.57,41.86,43.16,43.16,970600
2015-05-29,43.05,43.9,42.82,43.09,43.09,782400
2015-06-01,43.19,43.68,42.16,43.39,43.39,660400
2015-06-02,43.22,46.44,42.8,45.52,45.52,1636600
2015-06-03,45.75,46.23,45.31,45.79,45.79,946400
2015-06-04,45.37,46.25,45.03,45.67,45.67,606000
2015-06-05,45.34,46.98,45.04,46.87,46.87,733400
2015-06-08,46.8,48.65,46.4,47.8,47.8,1403400
2015-06-09,47.790001,47.939999,45.5,46.41,46.41,1126300
2015-06-10,46.34,46.599998,45.509998,46.450001,46.450001,663300
2015-06-11,46.459999,46.98,46.049999,46.950001,46.950001,514400
2015-06-12,46.619999,47.009998,46.25,46.91,46.91,435200
2015-06-15,46.700001,47.02,46.200001,46.77,46.77,565800
2015-06-16,46.639999,47.240002,46.220001,46.619999,46.619999,423600
2015-06-17,46.709999,47.299999,46.540001,46.849998,46.849998,575700
2015-06-18,46.98,49.09,46.860001,48.360001,48.360001,786400
2015-06-19,48.549999,48.560001,47.419998,48.290001,48.290001,838600
2015-06-22,48.799999,49.27,48.189999,49.189999,49.189999,555000
2015-06-23,49.200001,49.84,48.779999,49.630001,49.630001,579000
2015-06-24,49.450001,49.549999,47.619999,48.02,48.02,773300
2015-06-25,48.049999,48.459999,46.970001,47.689999,47.689999,681800
2015-06-26,47.889999,48.240002,46.59,47.450001,47.450001,800100
2015-06-29,47.060001,47.709999,46.639999,46.869999,46.869999,747100
2015-06-30,47.439999,48.740002,47.09,48.400002,48.400002,741000
2015-07-01,48.830002,48.919998,46.990002,47.82,47.82,790200
2015-07-02,48.0,48.669998,47.400002,47.650002,47.650002,788300
2015-07-06,47.27,48.650002,46.610001,47.5,47.5,2288500
2015-07-07,47.59,47.98,46.009998,46.48,46.48,1016900
2015-07-08,46.060001,46.880001,45.439999,46.07,46.07,1138700
2015-07-09,46.59,46.91,46.110001,46.52,46.52,778800
2015-07-10,46.860001,47.509998,46.389999,47.09,47.09,785700
2015-07-13,47.139999,47.860001,46.990002,47.470001,47.470001,876900
2015-07-14,47.529999,49.48,47.310001,48.650002,48.650002,1242000
2015-07-15,49.09,51.34,47.84,49.459999,49.459999,1397400
2015-07-16,50.099998,50.759998,49.07,49.419998,49.419998,797000
2015-07-17,49.279999,51.639999,48.689999,51.610001,51.610001,1813400
2015-07-20,51.73,52.330002,50.41,50.689999,50.689999,949500
2015-07-21,50.790001,51.669998,50.48,51.130001,51.130001,602500
2015-07-22,50.610001,51.669998,50.400002,51.02,51.02,524500
2015-07-23,51.25,51.66,50.650002,50.810001,50.810001,420900
2015-07-24,50.259998,50.669998,48.349998,48.43,48.43,913600
2015-07-27,47.900002,48.43,46.77,48.060001,48.060001,856000
2015-07-28,48.389999,49.18,47.830002,48.93,48.93,636100
2015-07-29,48.880001,49.080002,46.82,47.5,47.5,867700
2015-07-30,47.25,48.0,46.259998,47.34,47.34,820000
2015-07-31,47.080002,48.470001,46.880001,47.869999,47.869999,877700
2015-08-03,47.66,48.0,45.759998,46.580002,46.580002,968400
2015-08-04,46.299999,47.080002,45.68,46.84,46.84,835000
2015-08-05,46.830002,47.689999,46.419998,46.830002,46.830002,861600
2015-08-06,46.790001,47.34,44.43,44.98,44.98,734700
2015-08-07,44.830002,44.830002,43.27,44.650002,44.650002,903400
2015-08-10,44.68,46.490002,44.68,45.700001,45.700001,859400
2015-08-11,45.389999,45.93,44.279999,45.009998,45.009998,574300
2015-08-12,44.860001,45.310001,43.310001,44.790001,44.790001,702500
2015-08-13,44.77,45.580002,44.619999,45.119999,45.119999,583000
2015-08-14,44.900002,45.48,43.330002,44.0,44.0,800400
2015-08-17,44.279999,46.540001,43.959999,46.450001,46.450001,717100
2015-08-18,46.91,47.490002,45.009998,45.509998,45.509998,1067700
2015-08-19,44.91,45.580002,44.18,44.759998,44.759998,548400
2015-08-20,44.580002,46.91,42.77,42.810001,42.810001,803100
2015-08-21,42.150002,42.799999,41.119999,41.169998,41.169998,1714100
2015-08-24,38.349998,40.889999,36.610001,38.740002,38.740002,1176300
2015-08-25,38.869999,40.900002,38.869999,39.150002,39.150002,967100
2015-08-26,40.09,40.400002,38.139999,40.259998,40.259998,1199500
2015-08-27,40.889999,41.869999,40.299999,41.240002,41.240002,711400
2015-08-28,40.970001,42.25,40.970001,42.25,42.25,537000
2015-08-31,41.990002,42.779999,40.209999,40.27,40.27,711900
2015-09-01,39.48,40.259998,39.009998,39.32,39.32,791200
2015-09-02,39.75,40.299999,39.09,40.23,40.23,657900
2015-09-03,40.580002,40.84,39.240002,39.290001,39.290001,652500
2015-09-04,38.669998,40.400002,38.580002,40.200001,40.200001,535200
2015-09-08,40.900002,42.220001,40.060001,42.119999,42.119999,704800
2015-09-09,42.59,42.799999,41.169998,41.290001,41.290001,616300
2015-09-10,41.09,41.639999,39.84,41.580002,41.580002,945600
2015-09-11,40.5,45.07,40.25,45.009998,45.009998,6301500
2015-09-14,44.91,47.240002,44.119999,46.790001,46.790001,2322500
2015-09-15,47.040001,48.830002,46.080002,48.75,48.75,2054700
2015-09-16,49.07,49.66,47.380001,47.959999,47.959999,1032000
2015-09-17,48.18,49.18,46.91,48.68,48.68,1150800
2015-09-18,48.240002,48.389999,47.0,47.360001,47.360001,1120900
2015-09-21,47.919998,48.130001,44.029999,44.619999,44.619999,1507400
2015-09-22,43.990002,45.02,43.130001,44.66,44.66,997000
2015-09-23,44.799999,45.130001,43.240002,43.889999,43.889999,632100
2015-09-24,43.650002,44.139999,41.950001,42.98,42.98,792900
2015-09-25,43.630001,44.310001,38.040001,39.34,39.34,1424700
2015-09-28,39.150002,39.450001,35.939999,37.279999,37.279999,2018500
2015-09-29,37.07,38.939999,36.450001,37.040001,37.040001,1477900
2015-09-30,37.900002,39.119999,36.939999,38.560001,38.560001,1750700
2015-10-01,38.490002,38.799999,36.900002,38.060001,38.060001,1319200
2015-10-02,37.23,40.560001,37.0,40.32,40.32,1198000
2015-10-05,41.0,41.75,39.360001,40.290001,40.290001,1265300
2015-10-06,41.880001,41.880001,37.259998,38.59,38.59,1455900
2015-10-07,38.700001,40.220001,37.73,39.5,39.5,1301300
2015-10-08,39.07,39.560001,37.07,38.509998,38.509998,1421900
2015-10-09,38.799999,39.75,37.919998,39.380001,39.380001,623900
2015-10-12,39.509998,39.84,38.610001,38.759998,38.759998,637400
2015-10-13,38.34,39.380001,37.130001,37.16,37.16,803500
2015-10-14,37.43,38.529999,36.849998,37.580002,37.580002,1377200
2015-10-15,37.450001,40.529999,37.150002,40.439999,40.439999,909200
2015-10-16,40.150002,40.849998,39.130001,39.73,39.73,769200
2015-10-19,39.869999,40.5,38.07,38.990002,38.990002,894400
2015-10-20,38.700001,39.189999,37.650002,38.060001,38.060001,945100
2015-10-21,38.549999,39.490002,37.169998,38.700001,38.700001,897400
2015-10-22,38.700001,40.060001,38.279999,39.759998,39.759998,948400
2015-10-23,40.0,40.57,39.330002,40.419998,40.419998,891000
2015-10-26,40.400002,41.650002,39.900002,41.459999,41.459999,684000
2015-10-27,41.419998,43.02,41.27,42.939999,42.939999,796000
2015-10-28,42.889999,43.099998,41.880001,42.990002,42.990002,701200
2015-10-29,43.040001,44.09,41.700001,42.139999,42.139999,680200
2015-10-30,44.73,44.75,41.009998,41.490002,41.490002,1487400
2015-11-02,41.700001,43.259998,41.439999,42.759998,42.759998,1075100
2015-11-03,42.23,43.450001,41.450001,43.009998,43.009998,976400
2015-11-04,42.919998,44.290001,42.25,44.279999,44.279999,801500
2015-11-05,43.830002,44.689999,42.759998,43.59,43.59,1208500
2015-11-06,43.43,43.599998,41.099998,43.02,43.02,1466100
2015-11-09,42.82,45.049999,41.34,44.889999,44.889999,2033500
2015-11-10,44.990002,46.09,43.970001,45.52,45.52,1081800
2015-11-11,45.950001,46.740002,43.740002,43.75,43.75,880900
2015-11-12,43.490002,44.09,42.34,42.349998,42.349998,693700
2015-11-13,42.279999,43.790001,41.759998,42.810001,42.810001,1088900
2015-11-16,42.720001,43.82,42.419998,43.77,43.77,885600
2015-11-17,43.91,45.810001,43.360001,45.279999,45.279999,1637800
2015-11-18,42.990002,45.169998,42.5,44.970001,44.970001,1607300
2015-11-19,44.66,44.970001,43.66,43.98,43.98,800700
2015-11-20,43.700001,44.709999,43.389999,44.119999,44.119999,828100
2015-11-23,44.0,44.360001,42.509998,42.73,42.73,1198800
2015-11-24,42.349998,42.470001,41.009998,41.130001,41.130001,1117900
2015-11-25,41.310001,42.560001,41.259998,42.209999,42.209999,569400
2015-11-27,42.330002,43.209999,42.299999,43.169998,43.169998,323900
2015-11-30,43.400002,43.400002,41.52,41.98,41.98,603400
2015-12-01,42.119999,42.25,40.68,41.549999,41.549999,1132500
2015-12-02,41.549999,42.119999,40.919998,41.02,41.02,578200
2015-12-03,41.169998,41.259998,38.93,39.110001,39.110001,1044700
2015-12-04,39.240002,40.09,38.759998,40.07,40.07,848000
2015-12-07,40.009998,40.009998,37.52,38.900002,38.900002,1117900
2015-12-08,38.529999,40.41,38.360001,40.299999,40.299999,760400
2015-12-09,39.990002,40.450001,39.209999,40.299999,40.299999,1481700
2015-12-10,40.209999,41.639999,40.130001,41.139999,41.139999,1059100
2015-12-11,40.689999,41.52,40.389999,40.57,40.57,1160100
2015-12-14,40.509998,41.0,38.68,38.959999,38.959999,980500
2015-12-15,39.59,40.209999,39.459999,40.169998,40.169998,671600
2015-12-16,40.389999,42.369999,40.389999,42.150002,42.150002,641000
2015-12-17,42.25,42.52,40.869999,41.43,41.43,474600
2015-12-18,41.77,42.43,41.049999,41.669998,41.669998,2113800
2015-12-21,41.93,42.209999,40.990002,42.110001,42.110001,485500
2015-12-22,42.310001,42.669998,41.529999,42.509998,42.509998,446100
2015-12-23,42.73,44.189999,42.080002,43.93,43.93,653200
2015-12-24,43.709999,44.029999,42.990002,43.650002,43.650002,249700
2015-12-28,43.700001,44.599998,43.619999,44.369999,44.369999,654400
2015-12-29,44.509998,45.470001,44.360001,45.310001,45.310001,501100
2015-12-30,45.299999,45.68,44.580002,45.18,45.18,449900
2015-12-31,44.82,45.490002,44.470001,44.880001,44.880001,388400
2016-01-04,43.880001,44.450001,41.290001,41.919998,41.919998,1087500
2016-01-05,42.07,43.580002,42.07,42.540001,42.540001,780900
2016-01-06,41.84,42.0,40.049999,40.330002,40.330002,1204600
2016-01-07,39.419998,41.490002,37.889999,37.889999,37.889999,959500
2016-01-08,38.450001,38.75,37.16,37.360001,37.360001,688300
2016-01-11,37.720001,37.939999,34.59,36.0,36.0,972500
2016-01-12,36.639999,38.560001,36.009998,37.93,37.93,1451500
2016-01-13,37.849998,38.59,36.119999,36.360001,36.360001,1104600
2016-01-14,36.110001,37.75,34.619999,37.18,37.18,1262200
2016-01-15,35.959999,36.66,34.560001,36.02,36.02,1445700
2016-01-19,36.759998,37.52,34.759998,35.389999,35.389999,1209100
2016-01-20,34.439999,38.18,34.169998,37.349998,37.349998,1391800
2016-01-21,38.0,38.43,36.009998,36.080002,36.080002,1354500
2016-01-22,36.950001,37.68,35.610001,37.610001,37.610001,1043900
2016-01-25,37.259998,38.240002,36.299999,37.650002,37.650002,1036100
2016-01-26,37.700001,38.220001,36.509998,37.220001,37.220001,957400
2016-01-27,37.380001,37.970001,35.549999,35.720001,35.720001,628700
2016-01-28,38.25,38.259998,33.130001,33.669998,33.669998,1273800
2016-01-29,33.650002,34.09,30.370001,32.98,32.98,3127500
2016-02-01,32.610001,33.32,31.66,32.830002,32.830002,2166300
2016-02-02,32.32,32.880001,31.33,31.67,31.67,1961800
2016-02-03,31.77,32.369999,29.309999,32.310001,32.310001,2037800
2016-02-04,32.349998,34.360001,32.0,32.880001,32.880001,2896200
2016-02-05,32.830002,33.220001,30.08,31.85,31.85,3297600
2016-02-08,31.01,31.09,28.620001,29.35,29.35,1860400
2016-02-09,28.59,30.4,28.040001,29.040001,29.040001,2049200
2016-02-10,28.200001,28.389999,26.02,26.870001,26.870001,3669600
2016-02-11,26.139999,27.700001,26.110001,27.040001,27.040001,2144500
2016-02-12,27.540001,28.700001,26.98,28.639999,28.639999,1512000
2016-02-16,28.969999,30.82,28.85,30.620001,30.620001,1709000
2016-02-17,31.049999,31.85,30.299999,31.610001,31.610001,1983200
2016-02-18,31.9,32.799999,29.32,29.84,29.84,1778800
2016-02-19,29.77,30.91,29.09,30.43,30.43,1626600
2016-02-22,30.709999,31.42,29.9,30.52,30.52,1079500
2016-02-23,30.530001,31.040001,29.49,29.51,29.51,979300
2016-02-24,29.200001,30.08,28.32,29.879999,29.879999,792700
2016-02-25,30.120001,31.219999,29.440001,30.1,30.1,1098800
2016-02-26,30.450001,31.1,29.52,31.01,31.01,894900
2016-02-29,30.950001,31.43,30.1,30.190001,30.190001,1154800
2016-03-01,30.280001,31.969999,29.99,31.950001,31.950001,925900
2016-03-02,31.860001,33.369999,31.280001,32.459999,32.459999,1659500
2016-03-03,32.529999,32.740002,30.92,31.57,31.57,1026000
2016-03-04,31.73,33.169998,31.280001,32.529999,32.529999,1466000
2016-03-07,32.459999,34.549999,32.009998,34.080002,34.080002,1111300
2016-03-08,33.84,34.240002,31.98,32.139999,32.139999,1051300
2016-03-09,32.560001,32.779999,30.84,32.529999,32.529999,1106800
2016-03-10,32.639999,33.18,31.879999,32.48,32.48,1407200
2016-03-11,32.759998,33.400002,32.18,33.360001,33.360001,839900
2016-03-14,33.619999,34.259998,33.25,33.799999,33.799999,956900
2016-03-15,33.580002,33.860001,31.23,31.75,31.75,2234300
2016-03-16,31.77,32.580002,31.32,32.52,32.52,2093300
2016-03-17,32.23,33.400002,31.280001,32.990002,32.990002,1297600
2016-03-18,33.009998,34.25,32.610001,33.919998,33.919998,1737200
2016-03-21,33.91,35.23,33.700001,34.529999,34.529999,1194800
2016-03-22,34.549999,36.849998,34.459999,36.77,36.77,1337500
2016-03-23,36.700001,37.84,34.529999,34.59,34.59,1152700
2016-03-24,34.110001,35.77,33.27,34.68,34.68,1300400
2016-03-28,34.720001,35.0,33.5,33.639999,33.639999,940500
2016-03-29,33.599998,34.279999,32.599998,34.279999,34.279999,1189400
2016-03-30,34.23,35.349998,33.380001,33.639999,33.639999,804100
2016-03-31,34.02,35.580002,33.799999,35.09,35.09,981500
2016-04-01,34.73,36.700001,34.360001,36.150002,36.150002,1028800
2016-04-04,36.419998,37.540001,35.950001,36.220001,36.220001,1103700
2016-04-05,35.810001,36.610001,35.650002,36.220001,36.220001,1457600
2016-04-06,36.330002,37.959999,36.32,37.93,37.93,1631300
2016-04-07,37.560001,37.599998,35.610001,36.709999,36.709999,1464500
2016-04-08,37.07,37.439999,35.630001,35.990002,35.990002,854600
2016-04-11,36.25,36.790001,35.540001,35.650002,35.650002,629700
2016-04-12,35.650002,36.310001,35.060001,36.049999,36.049999,754200
2016-04-13,36.490002,37.619999,35.950001,37.439999,37.439999,705500
2016-04-14,37.549999,38.540001,37.18,38.27,38.27,807200
2016-04-15,38.130001,38.549999,37.41,38.290001,38.290001,613700
2016-04-18,37.98,39.060001,37.759998,38.990002,38.990002,595500
2016-04-19,39.009998,39.18,38.240002,38.549999,38.549999,616700
2016-04-20,38.810001,39.16,37.860001,38.599998,38.599998,596900
2016-04-21,38.639999,39.549999,38.369999,39.330002,39.330002,879500
2016-04-22,39.23,39.740002,38.599998,39.48,39.48,495900
2016-04-25,39.189999,40.049999,39.0,39.509998,39.509998,552600
2016-04-26,39.459999,39.740002,38.279999,39.080002,39.080002,634200
2016-04-27,38.779999,39.040001,37.639999,38.07,38.07,1106800
2016-04-28,37.669998,38.689999,36.93,37.290001,37.290001,1060900
2016-04-29,35.75,37.490002,35.169998,35.48,35.48,1668700
2016-05-02,35.450001,36.400002,34.84,36.369999,36.369999,1060200
2016-05-03,36.099998,36.279999,34.91,34.990002,34.990002,745700
2016-05-04,34.779999,35.049999,33.099998,33.099998,33.099998,1061800
2016-05-05,33.310001,33.68,32.490002,33.220001,33.220001,920200
2016-05-06,32.950001,34.02,32.799999,33.610001,33.610001,830100
2016-05-09,33.810001,34.73,33.810001,34.200001,34.200001,810900
2016-05-10,34.400002,34.830002,33.34,33.900002,33.900002,781800
2016-05-11,33.66,34.919998,33.529999,33.700001,33.700001,750900
2016-05-12,33.970001,34.080002,32.400002,32.950001,32.950001,916200
2016-05-13,32.84,33.73,32.599998,32.950001,32.950001,664800
2016-05-16,33.130001,34.380001,32.66,34.23,34.23,1242100
2016-05-17,34.130001,36.18,34.0,35.849998,35.849998,2022700
2016-05-18,35.759998,38.349998,35.599998,38.02,38.02,1750300
2016-05-19,37.790001,38.919998,37.080002,37.91,37.91,853700
2016-05-20,38.09,39.279999,37.939999,38.82,38.82,881100
2016-05-23,38.84,40.259998,38.84,39.419998,39.419998,1199900
2016-05-24,39.779999,40.009998,39.389999,39.970001,39.970001,744900
2016-05-25,40.220001,41.529999,39.880001,40.27,40.27,897600
2016-05-26,40.34,40.349998,39.389999,39.59,39.59,586900
2016-05-27,39.650002,40.43,39.18,40.240002,40.240002,755800
2016-05-31,40.25,41.139999,40.209999,40.43,40.43,863000
2016-06-01,40.299999,40.98,39.75,40.830002,40.830002,668100
2016-06-02,40.560001,43.830002,40.400002,43.779999,43.779999,1342800
2016-06-03,43.450001,43.779999,42.169998,43.200001,43.200001,1020200
2016-06-06,43.48,44.07,42.599998,43.580002,43.580002,729800
2016-06-07,43.209999,43.400002,42.259998,42.43,42.43,613800
2016-06-08,42.5,43.02,41.91,42.389999,42.389999,529000
2016-06-09,42.080002,42.5,40.759998,41.009998,41.009998,783100
2016-06-10,40.700001,41.150002,40.150002,40.380001,40.380001,782900
2016-06-13,40.110001,40.41,38.599998,39.310001,39.310001,1001900
2016-06-14,39.299999,39.959999,38.32,38.889999,38.889999,775500
2016-06-15,39.209999,39.779999,38.75,38.959999,38.959999,520600
2016-06-16,38.459999,39.0,38.099998,38.889999,38.889999,457000
2016-06-17,39.0,39.349998,37.43,37.630001,37.630001,1688700
2016-06-20,38.23,39.400002,37.900002,39.080002,39.080002,925500
2016-06-21,39.130001,39.380001,37.759998,38.380001,38.380001,841200
2016-06-22,38.310001,40.580002,38.060001,39.110001,39.110001,708100
2016-06-23,39.470001,40.09,39.0,40.07,40.07,765000
2016-06-24,38.0,39.43,37.5,37.59,37.59,1028600
2016-06-27,37.119999,37.709999,35.93,36.369999,36.369999,886400
2016-06-28,37.080002,38.82,37.049999,38.77,38.77,799000
2016-06-29,39.259998,40.759998,38.889999,40.360001,40.360001,751400
2016-06-30,40.16,40.919998,39.799999,40.41,40.41,804700
2016-07-01,40.34,41.970001,40.34,41.310001,41.310001,817500
2016-07-05,41.34,41.34,39.799999,40.150002,40.150002,618700
2016-07-06,39.889999,41.139999,39.380001,40.73,40.73,963500
2016-07-07,40.919998,41.439999,40.400002,40.939999,40.939999,543200
2016-07-08,40.849998,42.110001,40.27,41.450001,41.450001,754900
2016-07-11,41.700001,42.93,41.529999,42.369999,42.369999,818400
2016-07-12,42.389999,43.279999,42.209999,42.540001,42.540001,518100
2016-07-13,42.740002,42.970001,40.98,41.32,41.32,837500
2016-07-14,41.68,42.509998,41.450001,42.009998,42.009998,558900
2016-07-15,42.099998,43.27,42.029999,42.959999,42.959999,702100
2016-07-18,43.0,43.0,41.77,42.290001,42.290001,552200
2016-07-19,42.0,42.41,41.34,41.549999,41.549999,489500
2016-07-20,41.970001,43.580002,41.84,43.400002,43.400002,564000
2016-07-21,43.689999,44.66,43.689999,44.400002,44.400002,742400
2016-07-22,44.310001,44.830002,43.93,43.990002,43.990002,684300
2016-07-25,44.139999,44.549999,43.639999,44.490002,44.490002,462300
2016-07-26,44.18,44.68,43.59,43.77,43.77,840000
2016-07-27,42.650002,48.130001,42.650002,47.98,47.98,1338500
2016-07-28,47.52,47.939999,46.75,47.369999,47.369999,525700
2016-07-29,47.200001,48.07,46.32,48.060001,48.060001,649400
2016-08-01,47.779999,49.240002,47.779999,49.220001,49.220001,940800
2016-08-02,48.91,49.330002,47.290001,48.52,48.52,969000
2016-08-03,48.509998,49.139999,48.02,49.009998,49.009998,733300
2016-08-04,49.080002,49.450001,47.950001,48.029999,48.029999,670400
2016-08-05,48.25,48.740002,47.75,47.939999,47.939999,717000
2016-08-08,48.060001,48.25,46.560001,46.709999,46.709999,725500
2016-08-09,46.810001,46.810001,46.029999,46.43,46.43,761700
2016-08-10,46.369999,46.369999,45.720001,45.759998,45.759998,469800
2016-08-11,46.169998,46.619999,45.299999,46.5,46.5,379400
2016-08-12,46.299999,47.080002,45.630001,46.860001,46.860001,418400
2016-08-15,46.990002,47.689999,46.77,47.150002,47.150002,529600
2016-08-16,47.080002,47.080002,45.689999,45.77,45.77,569200
2016-08-17,45.860001,46.060001,44.889999,45.57,45.57,474700
2016-08-18,45.470001,46.5,45.290001,45.919998,45.919998,303200
2016-08-19,45.700001,45.810001,45.09,45.380001,45.380001,325800
2016-08-22,45.669998,47.080002,45.419998,47.060001,47.060001,676000
2016-08-23,47.310001,48.66,47.139999,47.790001,47.790001,782500
2016-08-24,47.669998,48.57,44.950001,45.119999,45.119999,880200
2016-08-25,45.200001,45.950001,42.580002,43.98,43.98,1522100
2016-08-26,44.139999,45.32,43.709999,45.299999,45.299999,646900
2016-08-29,45.360001,45.619999,44.939999,45.360001,45.360001,436300
2016-08-30,45.23,46.07,45.169998,45.32,45.32,531200
2016-08-31,45.139999,45.490002,44.490002,44.549999,44.549999,426800
2016-09-01,44.720001,44.970001,44.130001,44.900002,44.900002,440100
2016-09-02,45.139999,45.139999,44.040001,44.779999,44.779999,526200
2016-09-06,44.990002,46.330002,44.450001,46.16,46.16,978100
2016-09-07,47.0,49.290001,46.93,49.240002,49.240002,1061600
2016-09-08,49.080002,50.5,48.810001,50.5,50.5,1403200
2016-09-09,50.240002,51.310001,49.68,50.23,50.23,1716500
2016-09-12,49.799999,51.98,49.5,51.779999,51.779999,967900
2016-09-13,51.16,51.860001,50.0,51.700001,51.700001,1072500
2016-09-14,52.0,54.740002,51.689999,54.060001,54.060001,1444300
2016-09-15,54.290001,55.189999,53.209999,53.59,53.59,1225400
2016-09-16,53.59,54.880001,53.490002,53.650002,53.650002,1851000
2016-09-19,53.810001,54.599998,53.41,54.080002,54.080002,585800
2016-09-20,54.34,55.73,54.299999,54.790001,54.790001,779000
2016-09-21,55.049999,56.48,54.02,56.099998,56.099998,743700
2016-09-22,56.52,56.970001,55.549999,56.189999,56.189999,817500
2016-09-23,56.099998,56.450001,55.299999,55.830002,55.830002,655500
2016-09-26,55.52,55.91,54.900002,55.709999,55.709999,450900
2016-09-27,55.82,57.23,55.369999,56.57,56.57,602400
2016-09-28,56.709999,56.880001,54.639999,55.330002,55.330002,616100
2016-09-29,55.32,55.509998,53.029999,53.290001,53.290001,885400
2016-09-30,53.470001,54.27,52.130001,54.009998,54.009998,766600
2016-10-03,53.919998,54.380001,53.279999,54.25,54.25,771300
2016-10-04,54.32,54.98,53.869999,54.540001,54.540001,614200
2016-10-05,54.599998,56.060001,54.23,55.509998,55.509998,969700
2016-10-06,55.200001,55.200001,53.919998,54.330002,54.330002,669900
2016-10-07,54.32,55.939999,54.32,55.18,55.18,623600
2016-10-10,55.830002,57.5,55.389999,57.25,57.25,664200
2016-10-11,57.25,57.830002,55.619999,55.990002,55.990002,735800
2016-10-12,56.029999,56.360001,53.049999,53.09,53.09,877600
2016-10-13,51.25,52.689999,51.02,52.290001,52.290001,2535600
2016-10-14,52.68,53.060001,50.290001,50.310001,50.310001,1077600
2016-10-17,50.259998,50.939999,48.610001,50.139999,50.139999,1306300
2016-10-18,50.84,51.700001,50.220001,50.73,50.73,723900
2016-10-19,50.689999,51.509998,50.07,51.279999,51.279999,697800
2016-10-20,51.18,52.029999,51.119999,51.599998,51.599998,549100
2016-10-21,51.630001,51.849998,50.209999,50.830002,50.830002,894200
2016-10-24,50.740002,51.150002,49.66,50.360001,50.360001,889900
2016-10-25,50.41,51.189999,49.889999,50.380001,50.380001,664800
2016-10-26,50.580002,50.700001,49.790001,50.330002,50.330002,645800
2016-10-27,50.970001,51.66,49.77,49.93,49.93,774200
2016-10-28,51.48,51.66,47.290001,50.849998,50.849998,1520400
2016-10-31,50.799999,52.43,50.799999,51.700001,51.700001,862500
2016-11-01,52.009998,55.990002,51.549999,55.740002,55.740002,1897800
2016-11-02,55.419998,56.610001,55.099998,56.330002,56.330002,1661600
2016-11-03,56.299999,57.279999,55.860001,57.0,57.0,1678400
2016-11-04,57.849998,58.91,55.869999,56.240002,56.240002,1321500
2016-11-07,56.25,59.82,55.93,59.73,59.73,1542200
2016-11-08,59.209999,60.810001,58.5,59.419998,59.419998,1428300
2016-11-09,62.610001,69.529999,62.259998,69.169998,69.169998,3579800
2016-11-10,69.5,75.360001,64.800003,67.940002,67.940002,3000400
2016-11-11,67.919998,68.82,66.050003,68.089996,68.089996,1429500
2016-11-14,67.900002,69.660004,66.660004,69.559998,69.559998,1218800
2016-11-15,69.379997,73.139999,68.480003,72.160004,72.160004,1450000
2016-11-16,71.959999,73.580002,70.779999,70.809998,70.809998,1759100
2016-11-17,71.349998,73.989998,70.0,73.709999,73.709999,1169500
2016-11-18,73.5,73.910004,69.879997,70.690002,70.690002,1629300
2016-11-21,71.099998,72.480003,70.169998,72.129997,72.129997,1282100
2016-11-22,72.279999,72.75,67.739998,69.220001,69.220001,950700
2016-11-23,67.709999,70.709999,67.040001,70.480003,70.480003,1011100
2016-11-25,70.919998,71.870003,69.839996,71.849998,71.849998,619400
2016-11-28,71.389999,71.559998,66.879997,66.989998,66.989998,1209200
2016-11-29,66.449997,67.239998,65.410004,66.379997,66.379997,1784000
2016-11-30,66.300003,66.489998,63.950001,64.809998,64.809998,5146100
2016-12-01,65.260002,67.970001,64.18,66.709999,66.709999,1488800
2016-12-02,66.410004,67.870003,66.269997,66.699997,66.699997,715200
2016-12-05,68.160004,68.459999,65.660004,66.260002,66.260002,978800
2016-12-06,66.709999,67.330002,65.209999,66.639999,66.639999,766900
2016-12-07,65.449997,66.589996,62.810001,65.089996,65.089996,998200
2016-12-08,65.0,67.07,64.5,66.93,66.93,697800
2016-12-09,67.459999,68.800003,64.809998,64.870003,64.870003,771100
2016-12-12,64.449997,64.800003,62.689999,63.82,63.82,814400
2016-12-13,64.279999,64.82,62.549999,63.150002,63.150002,987400
2016-12-14,63.240002,63.82,61.68,62.900002,62.900002,798000
2016-12-15,63.360001,63.779999,61.360001,63.73,63.73,951400
2016-12-16,63.959999,64.870003,62.299999,62.610001,62.610001,3130100
2016-12-19,62.66,63.18,60.98,61.330002,61.330002,733200
2016-12-20,61.459999,62.400002,60.16,62.07,62.07,936500
2016-12-21,62.130001,63.299999,61.290001,61.380001,61.380001,553900
2016-12-22,61.57,61.75,59.830002,60.66,60.66,734500
2016-12-23,60.43,61.990002,60.25,61.860001,61.860001,725300
2016-12-27,52.869999,54.700001,51.630001,52.360001,52.360001,5492500
2016-12-28,52.259998,54.240002,51.650002,53.080002,53.080002,1988800
2016-12-29,53.130001,53.990002,52.93,53.389999,53.389999,973200
2016-12-30,53.200001,53.82,52.310001,52.77,52.77,803500
2017-01-03,53.32,54.450001,52.43,53.0,53.0,1328700
2017-01-04,52.98,55.439999,52.560001,55.209999,55.209999,1809500
2017-01-05,55.25,55.900002,50.650002,54.869999,54.869999,3230100
2017-01-06,55.139999,59.93,55.139999,57.549999,57.549999,2130100
2017-01-09,58.439999,59.209999,57.52,58.810001,58.810001,1064800
2017-01-10,58.490002,59.34,58.029999,59.009998,59.009998,940200
2017-01-11,59.119999,59.119999,55.220001,55.799999,55.799999,1103700
2017-01-12,55.349998,59.23,55.0,58.860001,58.860001,1324100
2017-01-13,58.950001,59.689999,58.259998,59.119999,59.119999,793800
2017-01-17,58.5,59.509998,57.130001,57.720001,57.720001,813700
2017-01-18,58.09,59.060001,57.419998,59.040001,59.040001,957500
2017-01-19,59.310001,59.41,58.200001,59.27,59.27,874900
2017-01-20,59.360001,60.259998,58.549999,58.790001,58.790001,852500
2017-01-23,58.799999,59.57,57.759998,58.52,58.52,516400
2017-01-24,58.66,59.080002,57.299999,58.060001,58.060001,579100
2017-01-25,58.25,58.68,57.779999,58.439999,58.439999,435100
2017-01-26,58.82,59.849998,58.0,58.049999,58.049999,517300
2017-01-27,58.049999,58.959999,57.869999,58.490002,58.490002,351000
2017-01-30,58.509998,58.509998,56.169998,57.23,57.23,557800
2017-01-31,56.740002,60.43,56.419998,60.240002,60.240002,813900
2017-02-01,60.299999,60.549999,58.630001,59.689999,59.689999,696100
2017-02-02,59.23,60.57,58.66,59.990002,59.990002,580600
2017-02-03,60.310001,61.16,59.57,61.110001,61.110001,444500
2017-02-06,60.73,62.599998,60.34,61.540001,61.540001,806300
2017-02-07,61.540001,61.689999,60.029999,60.790001,60.790001,546600
2017-02-08,60.23,61.639999,59.279999,61.509998,61.509998,1125100
2017-02-09,61.759998,64.57,61.75,62.810001,62.810001,1103700
2017-02-10,59.5,61.889999,59.0,60.16,60.16,2617400
2017-02-13,60.310001,62.970001,60.02,61.59,61.59,752600
2017-02-14,61.34,62.939999,60.950001,62.880001,62.880001,1381300
2017-02-15,63.290001,65.459999,62.830002,65.230003,65.230003,953100
2017-02-16,65.349998,66.639999,63.950001,65.300003,65.300003,901100
2017-02-17,64.93,65.510002,64.290001,65.5,65.5,519100
2017-02-21,65.5,65.970001,64.879997,65.68,65.68,624700
2017-02-22,65.510002,65.980003,64.260002,64.580002,64.580002,884500
2017-02-23,64.989998,64.989998,62.799999,63.07,63.07,812600
2017-02-24,63.139999,63.220001,61.5,62.73,62.73,805300
2017-02-27,62.799999,66.0,62.259998,65.919998,65.919998,1118900
2017-02-28,65.779999,67.860001,64.510002,65.650002,65.650002,1211800
2017-03-01,66.459999,69.230003,66.040001,68.910004,68.910004,998100
2017-03-02,68.849998,70.419998,67.510002,67.779999,67.779999,983500
2017-03-03,67.550003,69.18,67.220001,68.910004,68.910004,599500
2017-03-06,68.620003,68.900002,66.629997,67.970001,67.970001,1082900
2017-03-07,67.040001,68.139999,66.550003,67.120003,67.120003,633100
2017-03-08,67.209999,68.43,65.830002,67.43,67.43,1005700
2017-03-09,67.43,71.099998,65.209999,67.099998,67.099998,1181100
2017-03-10,67.239998,68.089996,66.660004,67.959999,67.959999,621200
2017-03-13,68.0,68.860001,67.739998,68.389999,68.389999,494800
2017-03-14,67.220001,68.099998,66.269997,67.160004,67.160004,727900
2017-03-15,67.110001,67.550003,66.260002,67.279999,67.279999,1373900
2017-03-16,67.260002,67.830002,66.480003,66.739998,66.739998,433900
2017-03-17,66.459999,67.300003,65.75,66.720001,66.720001,1027500
2017-03-20,66.779999,68.480003,66.349998,68.019997,68.019997,588500
2017-03-21,68.230003,68.730003,61.830002,61.950001,61.950001,1208200
2017-03-22,62.16,63.75,61.389999,63.029999,63.029999,799500
2017-03-23,62.990002,64.059998,62.57,63.220001,63.220001,658400
2017-03-24,63.450001,64.779999,63.110001,63.689999,63.689999,353300
2017-03-27,63.27,64.480003,62.470001,64.389999,64.389999,536400
2017-03-28,64.540001,65.440002,64.050003,64.470001,64.470001,448100
2017-03-29,64.720001,65.400002,63.450001,63.57,63.57,648700
2017-03-30,63.73,63.990002,62.939999,63.060001,63.060001,403000
2017-03-31,63.02,63.200001,62.25,62.860001,62.860001,389900
